CREATE DATABASE IF NOT EXISTS AttendanceSystem;
USE AttendanceSystem;

-- INSERT INTO UserMaster (100 records)
INSERT INTO UserMaster (master_id, full_name, email, role) VALUES (30001, 'Alice Smith', 'alice.smith@school.edu', 'teacher');
INSERT INTO UserMaster (master_id, full_name, email, role) VALUES (30002, 'Bob Johnson', 'bob.johnson@school.edu', 'teacher');
INSERT INTO UserMaster (master_id, full_name, email, role) VALUES (30003, 'Carol Davis', 'carol.davis@school.edu', 'teacher');
INSERT INTO UserMaster (master_id, full_name, email, role) VALUES (30004, 'David Martinez', 'david.martinez@school.edu', 'teacher');
INSERT INTO UserMaster (master_id, full_name, email, role) VALUES (30005, 'Eva Wilson', 'eva.wilson@school.edu', 'teacher');
INSERT INTO UserMaster (master_id, full_name, email, role) VALUES (30006, 'Frank Brown', 'frank.brown@school.edu', 'teacher');
INSERT INTO UserMaster (master_id, full_name, email, role) VALUES (30007, 'Grace Lee', 'grace.lee@school.edu', 'teacher');
INSERT INTO UserMaster (master_id, full_name, email, role) VALUES (30008, 'Henry Taylor', 'henry.taylor@school.edu', 'teacher');
INSERT INTO UserMaster (master_id, full_name, email, role) VALUES (30009, 'Ivy Anderson', 'ivy.anderson@school.edu', 'teacher');
INSERT INTO UserMaster (master_id, full_name, email, role) VALUES (30010, 'Jack Thomas', 'jack.thomas@school.edu', 'teacher');
INSERT INTO UserMaster (master_id, full_name, email, role) VALUES (40001, 'Liam Smith', 'liam.smith@student.school.edu', 'student');
INSERT INTO UserMaster (master_id, full_name, email, role) VALUES (40002, 'Liam Johnson', 'liam.johnson@student.school.edu', 'student');
INSERT INTO UserMaster (master_id, full_name, email, role) VALUES (40003, 'Liam Williams', 'liam.williams@student.school.edu', 'student');
INSERT INTO UserMaster (master_id, full_name, email, role) VALUES (40004, 'Liam Brown', 'liam.brown@student.school.edu', 'student');
INSERT INTO UserMaster (master_id, full_name, email, role) VALUES (40005, 'Liam Jones', 'liam.jones@student.school.edu', 'student');
INSERT INTO UserMaster (master_id, full_name, email, role) VALUES (40006, 'Liam Garcia', 'liam.garcia@student.school.edu', 'student');
INSERT INTO UserMaster (master_id, full_name, email, role) VALUES (40007, 'Liam Miller', 'liam.miller@student.school.edu', 'student');
INSERT INTO UserMaster (master_id, full_name, email, role) VALUES (40008, 'Liam Davis', 'liam.davis@student.school.edu', 'student');
INSERT INTO UserMaster (master_id, full_name, email, role) VALUES (40009, 'Liam Rodriguez', 'liam.rodriguez@student.school.edu', 'student');
INSERT INTO UserMaster (master_id, full_name, email, role) VALUES (40010, 'Liam Martinez', 'liam.martinez@student.school.edu', 'student');
INSERT INTO UserMaster (master_id, full_name, email, role) VALUES (40011, 'Liam Hernandez', 'liam.hernandez@student.school.edu', 'student');
INSERT INTO UserMaster (master_id, full_name, email, role) VALUES (40012, 'Liam Lopez', 'liam.lopez@student.school.edu', 'student');
INSERT INTO UserMaster (master_id, full_name, email, role) VALUES (40013, 'Liam Gonzalez', 'liam.gonzalez@student.school.edu', 'student');
INSERT INTO UserMaster (master_id, full_name, email, role) VALUES (40014, 'Liam Wilson', 'liam.wilson@student.school.edu', 'student');
INSERT INTO UserMaster (master_id, full_name, email, role) VALUES (40015, 'Liam Anderson', 'liam.anderson@student.school.edu', 'student');
INSERT INTO UserMaster (master_id, full_name, email, role) VALUES (40016, 'Liam Thomas', 'liam.thomas@student.school.edu', 'student');
INSERT INTO UserMaster (master_id, full_name, email, role) VALUES (40017, 'Liam Taylor', 'liam.taylor@student.school.edu', 'student');
INSERT INTO UserMaster (master_id, full_name, email, role) VALUES (40018, 'Liam Moore', 'liam.moore@student.school.edu', 'student');
INSERT INTO UserMaster (master_id, full_name, email, role) VALUES (40019, 'Liam Jackson', 'liam.jackson@student.school.edu', 'student');
INSERT INTO UserMaster (master_id, full_name, email, role) VALUES (40020, 'Liam Martin', 'liam.martin@student.school.edu', 'student');
INSERT INTO UserMaster (master_id, full_name, email, role) VALUES (40021, 'Olivia Smith', 'olivia.smith@student.school.edu', 'student');
INSERT INTO UserMaster (master_id, full_name, email, role) VALUES (40022, 'Olivia Johnson', 'olivia.johnson@student.school.edu', 'student');
INSERT INTO UserMaster (master_id, full_name, email, role) VALUES (40023, 'Olivia Williams', 'olivia.williams@student.school.edu', 'student');
INSERT INTO UserMaster (master_id, full_name, email, role) VALUES (40024, 'Olivia Brown', 'olivia.brown@student.school.edu', 'student');
INSERT INTO UserMaster (master_id, full_name, email, role) VALUES (40025, 'Olivia Jones', 'olivia.jones@student.school.edu', 'student');
INSERT INTO UserMaster (master_id, full_name, email, role) VALUES (40026, 'Olivia Garcia', 'olivia.garcia@student.school.edu', 'student');
INSERT INTO UserMaster (master_id, full_name, email, role) VALUES (40027, 'Olivia Miller', 'olivia.miller@student.school.edu', 'student');
INSERT INTO UserMaster (master_id, full_name, email, role) VALUES (40028, 'Olivia Davis', 'olivia.davis@student.school.edu', 'student');
INSERT INTO UserMaster (master_id, full_name, email, role) VALUES (40029, 'Olivia Rodriguez', 'olivia.rodriguez@student.school.edu', 'student');
INSERT INTO UserMaster (master_id, full_name, email, role) VALUES (40030, 'Olivia Martinez', 'olivia.martinez@student.school.edu', 'student');
INSERT INTO UserMaster (master_id, full_name, email, role) VALUES (40031, 'Olivia Hernandez', 'olivia.hernandez@student.school.edu', 'student');
INSERT INTO UserMaster (master_id, full_name, email, role) VALUES (40032, 'Olivia Lopez', 'olivia.lopez@student.school.edu', 'student');
INSERT INTO UserMaster (master_id, full_name, email, role) VALUES (40033, 'Olivia Gonzalez', 'olivia.gonzalez@student.school.edu', 'student');
INSERT INTO UserMaster (master_id, full_name, email, role) VALUES (40034, 'Olivia Wilson', 'olivia.wilson@student.school.edu', 'student');
INSERT INTO UserMaster (master_id, full_name, email, role) VALUES (40035, 'Olivia Anderson', 'olivia.anderson@student.school.edu', 'student');
INSERT INTO UserMaster (master_id, full_name, email, role) VALUES (40036, 'Olivia Thomas', 'olivia.thomas@student.school.edu', 'student');
INSERT INTO UserMaster (master_id, full_name, email, role) VALUES (40037, 'Olivia Taylor', 'olivia.taylor@student.school.edu', 'student');
INSERT INTO UserMaster (master_id, full_name, email, role) VALUES (40038, 'Olivia Moore', 'olivia.moore@student.school.edu', 'student');
INSERT INTO UserMaster (master_id, full_name, email, role) VALUES (40039, 'Olivia Jackson', 'olivia.jackson@student.school.edu', 'student');
INSERT INTO UserMaster (master_id, full_name, email, role) VALUES (40040, 'Olivia Martin', 'olivia.martin@student.school.edu', 'student');
INSERT INTO UserMaster (master_id, full_name, email, role) VALUES (40041, 'Noah Smith', 'noah.smith@student.school.edu', 'student');
INSERT INTO UserMaster (master_id, full_name, email, role) VALUES (40042, 'Noah Johnson', 'noah.johnson@student.school.edu', 'student');
INSERT INTO UserMaster (master_id, full_name, email, role) VALUES (40043, 'Noah Williams', 'noah.williams@student.school.edu', 'student');
INSERT INTO UserMaster (master_id, full_name, email, role) VALUES (40044, 'Noah Brown', 'noah.brown@student.school.edu', 'student');
INSERT INTO UserMaster (master_id, full_name, email, role) VALUES (40045, 'Noah Jones', 'noah.jones@student.school.edu', 'student');
INSERT INTO UserMaster (master_id, full_name, email, role) VALUES (40046, 'Noah Garcia', 'noah.garcia@student.school.edu', 'student');
INSERT INTO UserMaster (master_id, full_name, email, role) VALUES (40047, 'Noah Miller', 'noah.miller@student.school.edu', 'student');
INSERT INTO UserMaster (master_id, full_name, email, role) VALUES (40048, 'Noah Davis', 'noah.davis@student.school.edu', 'student');
INSERT INTO UserMaster (master_id, full_name, email, role) VALUES (40049, 'Noah Rodriguez', 'noah.rodriguez@student.school.edu', 'student');
INSERT INTO UserMaster (master_id, full_name, email, role) VALUES (40050, 'Noah Martinez', 'noah.martinez@student.school.edu', 'student');
INSERT INTO UserMaster (master_id, full_name, email, role) VALUES (40051, 'Noah Hernandez', 'noah.hernandez@student.school.edu', 'student');
INSERT INTO UserMaster (master_id, full_name, email, role) VALUES (40052, 'Noah Lopez', 'noah.lopez@student.school.edu', 'student');
INSERT INTO UserMaster (master_id, full_name, email, role) VALUES (40053, 'Noah Gonzalez', 'noah.gonzalez@student.school.edu', 'student');
INSERT INTO UserMaster (master_id, full_name, email, role) VALUES (40054, 'Noah Wilson', 'noah.wilson@student.school.edu', 'student');
INSERT INTO UserMaster (master_id, full_name, email, role) VALUES (40055, 'Noah Anderson', 'noah.anderson@student.school.edu', 'student');
INSERT INTO UserMaster (master_id, full_name, email, role) VALUES (40056, 'Noah Thomas', 'noah.thomas@student.school.edu', 'student');
INSERT INTO UserMaster (master_id, full_name, email, role) VALUES (40057, 'Noah Taylor', 'noah.taylor@student.school.edu', 'student');
INSERT INTO UserMaster (master_id, full_name, email, role) VALUES (40058, 'Noah Moore', 'noah.moore@student.school.edu', 'student');
INSERT INTO UserMaster (master_id, full_name, email, role) VALUES (40059, 'Noah Jackson', 'noah.jackson@student.school.edu', 'student');
INSERT INTO UserMaster (master_id, full_name, email, role) VALUES (40060, 'Noah Martin', 'noah.martin@student.school.edu', 'student');
INSERT INTO UserMaster (master_id, full_name, email, role) VALUES (40061, 'Emma Smith', 'emma.smith@student.school.edu', 'student');
INSERT INTO UserMaster (master_id, full_name, email, role) VALUES (40062, 'Emma Johnson', 'emma.johnson@student.school.edu', 'student');
INSERT INTO UserMaster (master_id, full_name, email, role) VALUES (40063, 'Emma Williams', 'emma.williams@student.school.edu', 'student');
INSERT INTO UserMaster (master_id, full_name, email, role) VALUES (40064, 'Emma Brown', 'emma.brown@student.school.edu', 'student');
INSERT INTO UserMaster (master_id, full_name, email, role) VALUES (40065, 'Emma Jones', 'emma.jones@student.school.edu', 'student');
INSERT INTO UserMaster (master_id, full_name, email, role) VALUES (40066, 'Emma Garcia', 'emma.garcia@student.school.edu', 'student');
INSERT INTO UserMaster (master_id, full_name, email, role) VALUES (40067, 'Emma Miller', 'emma.miller@student.school.edu', 'student');
INSERT INTO UserMaster (master_id, full_name, email, role) VALUES (40068, 'Emma Davis', 'emma.davis@student.school.edu', 'student');
INSERT INTO UserMaster (master_id, full_name, email, role) VALUES (40069, 'Emma Rodriguez', 'emma.rodriguez@student.school.edu', 'student');
INSERT INTO UserMaster (master_id, full_name, email, role) VALUES (40070, 'Emma Martinez', 'emma.martinez@student.school.edu', 'student');
INSERT INTO UserMaster (master_id, full_name, email, role) VALUES (40071, 'Emma Hernandez', 'emma.hernandez@student.school.edu', 'student');
INSERT INTO UserMaster (master_id, full_name, email, role) VALUES (40072, 'Emma Lopez', 'emma.lopez@student.school.edu', 'student');
INSERT INTO UserMaster (master_id, full_name, email, role) VALUES (40073, 'Emma Gonzalez', 'emma.gonzalez@student.school.edu', 'student');
INSERT INTO UserMaster (master_id, full_name, email, role) VALUES (40074, 'Emma Wilson', 'emma.wilson@student.school.edu', 'student');
INSERT INTO UserMaster (master_id, full_name, email, role) VALUES (40075, 'Emma Anderson', 'emma.anderson@student.school.edu', 'student');
INSERT INTO UserMaster (master_id, full_name, email, role) VALUES (40076, 'Emma Thomas', 'emma.thomas@student.school.edu', 'student');
INSERT INTO UserMaster (master_id, full_name, email, role) VALUES (40077, 'Emma Taylor', 'emma.taylor@student.school.edu', 'student');
INSERT INTO UserMaster (master_id, full_name, email, role) VALUES (40078, 'Emma Moore', 'emma.moore@student.school.edu', 'student');
INSERT INTO UserMaster (master_id, full_name, email, role) VALUES (40079, 'Emma Jackson', 'emma.jackson@student.school.edu', 'student');
INSERT INTO UserMaster (master_id, full_name, email, role) VALUES (40080, 'Emma Martin', 'emma.martin@student.school.edu', 'student');
INSERT INTO UserMaster (master_id, full_name, email, role) VALUES (40081, 'Oliver Smith', 'oliver.smith@student.school.edu', 'student');
INSERT INTO UserMaster (master_id, full_name, email, role) VALUES (40082, 'Oliver Johnson', 'oliver.johnson@student.school.edu', 'student');
INSERT INTO UserMaster (master_id, full_name, email, role) VALUES (40083, 'Oliver Williams', 'oliver.williams@student.school.edu', 'student');
INSERT INTO UserMaster (master_id, full_name, email, role) VALUES (40084, 'Oliver Brown', 'oliver.brown@student.school.edu', 'student');
INSERT INTO UserMaster (master_id, full_name, email, role) VALUES (40085, 'Oliver Jones', 'oliver.jones@student.school.edu', 'student');
INSERT INTO UserMaster (master_id, full_name, email, role) VALUES (40086, 'Oliver Garcia', 'oliver.garcia@student.school.edu', 'student');
INSERT INTO UserMaster (master_id, full_name, email, role) VALUES (40087, 'Oliver Miller', 'oliver.miller@student.school.edu', 'student');
INSERT INTO UserMaster (master_id, full_name, email, role) VALUES (40088, 'Oliver Davis', 'oliver.davis@student.school.edu', 'student');
INSERT INTO UserMaster (master_id, full_name, email, role) VALUES (40089, 'Oliver Rodriguez', 'oliver.rodriguez@student.school.edu', 'student');
INSERT INTO UserMaster (master_id, full_name, email, role) VALUES (40090, 'Oliver Martinez', 'oliver.martinez@student.school.edu', 'student');

-- INSERT INTO Users (authentication)
INSERT INTO Users (user_id, username, password_hash) VALUES (30001, 'alicesmith', 'teach123');
INSERT INTO Users (user_id, username, password_hash) VALUES (30002, 'bobjohnson', 'teach123');
INSERT INTO Users (user_id, username, password_hash) VALUES (30003, 'caroldavis', 'teach123');
INSERT INTO Users (user_id, username, password_hash) VALUES (30004, 'davidmartinez', 'teach123');
INSERT INTO Users (user_id, username, password_hash) VALUES (30005, 'evawilson', 'teach123');
INSERT INTO Users (user_id, username, password_hash) VALUES (30006, 'frankbrown', 'teach123');
INSERT INTO Users (user_id, username, password_hash) VALUES (30007, 'gracelee', 'teach123');
INSERT INTO Users (user_id, username, password_hash) VALUES (30008, 'henrytaylor', 'teach123');
INSERT INTO Users (user_id, username, password_hash) VALUES (30009, 'ivyanderson', 'teach123');
INSERT INTO Users (user_id, username, password_hash) VALUES (30010, 'jackthomas', 'teach123');
INSERT INTO Users (user_id, username, password_hash) VALUES (40001, 'liamsmith', 'pass123');
INSERT INTO Users (user_id, username, password_hash) VALUES (40002, 'liamjohnson', 'pass123');
INSERT INTO Users (user_id, username, password_hash) VALUES (40003, 'liamwilliams', 'pass123');
INSERT INTO Users (user_id, username, password_hash) VALUES (40004, 'liambrown', 'pass123');
INSERT INTO Users (user_id, username, password_hash) VALUES (40005, 'liamjones', 'pass123');
INSERT INTO Users (user_id, username, password_hash) VALUES (40006, 'liamgarcia', 'pass123');
INSERT INTO Users (user_id, username, password_hash) VALUES (40007, 'liammiller', 'pass123');
INSERT INTO Users (user_id, username, password_hash) VALUES (40008, 'liamdavis', 'pass123');
INSERT INTO Users (user_id, username, password_hash) VALUES (40009, 'liamrodriguez', 'pass123');
INSERT INTO Users (user_id, username, password_hash) VALUES (40010, 'liammartinez', 'pass123');
INSERT INTO Users (user_id, username, password_hash) VALUES (40011, 'liamhernandez', 'pass123');
INSERT INTO Users (user_id, username, password_hash) VALUES (40012, 'liamlopez', 'pass123');
INSERT INTO Users (user_id, username, password_hash) VALUES (40013, 'liamgonzalez', 'pass123');
INSERT INTO Users (user_id, username, password_hash) VALUES (40014, 'liamwilson', 'pass123');
INSERT INTO Users (user_id, username, password_hash) VALUES (40015, 'liamanderson', 'pass123');
INSERT INTO Users (user_id, username, password_hash) VALUES (40016, 'liamthomas', 'pass123');
INSERT INTO Users (user_id, username, password_hash) VALUES (40017, 'liamtaylor', 'pass123');
INSERT INTO Users (user_id, username, password_hash) VALUES (40018, 'liammoore', 'pass123');
INSERT INTO Users (user_id, username, password_hash) VALUES (40019, 'liamjackson', 'pass123');
INSERT INTO Users (user_id, username, password_hash) VALUES (40020, 'liammartin', 'pass123');
INSERT INTO Users (user_id, username, password_hash) VALUES (40021, 'oliviasmith', 'pass123');
INSERT INTO Users (user_id, username, password_hash) VALUES (40022, 'oliviajohnson', 'pass123');
INSERT INTO Users (user_id, username, password_hash) VALUES (40023, 'oliviawilliams', 'pass123');
INSERT INTO Users (user_id, username, password_hash) VALUES (40024, 'oliviabrown', 'pass123');
INSERT INTO Users (user_id, username, password_hash) VALUES (40025, 'oliviajones', 'pass123');
INSERT INTO Users (user_id, username, password_hash) VALUES (40026, 'oliviagarcia', 'pass123');
INSERT INTO Users (user_id, username, password_hash) VALUES (40027, 'oliviamiller', 'pass123');
INSERT INTO Users (user_id, username, password_hash) VALUES (40028, 'oliviadavis', 'pass123');
INSERT INTO Users (user_id, username, password_hash) VALUES (40029, 'oliviarodriguez', 'pass123');
INSERT INTO Users (user_id, username, password_hash) VALUES (40030, 'oliviamartinez', 'pass123');
INSERT INTO Users (user_id, username, password_hash) VALUES (40031, 'oliviahernandez', 'pass123');
INSERT INTO Users (user_id, username, password_hash) VALUES (40032, 'olivialopez', 'pass123');
INSERT INTO Users (user_id, username, password_hash) VALUES (40033, 'oliviagonzalez', 'pass123');
INSERT INTO Users (user_id, username, password_hash) VALUES (40034, 'oliviawilson', 'pass123');
INSERT INTO Users (user_id, username, password_hash) VALUES (40035, 'oliviaanderson', 'pass123');
INSERT INTO Users (user_id, username, password_hash) VALUES (40036, 'oliviathomas', 'pass123');
INSERT INTO Users (user_id, username, password_hash) VALUES (40037, 'oliviataylor', 'pass123');
INSERT INTO Users (user_id, username, password_hash) VALUES (40038, 'oliviamoore', 'pass123');
INSERT INTO Users (user_id, username, password_hash) VALUES (40039, 'oliviajackson', 'pass123');
INSERT INTO Users (user_id, username, password_hash) VALUES (40040, 'oliviamartin', 'pass123');
INSERT INTO Users (user_id, username, password_hash) VALUES (40041, 'noahsmith', 'pass123');
INSERT INTO Users (user_id, username, password_hash) VALUES (40042, 'noahjohnson', 'pass123');
INSERT INTO Users (user_id, username, password_hash) VALUES (40043, 'noahwilliams', 'pass123');
INSERT INTO Users (user_id, username, password_hash) VALUES (40044, 'noahbrown', 'pass123');
INSERT INTO Users (user_id, username, password_hash) VALUES (40045, 'noahjones', 'pass123');
INSERT INTO Users (user_id, username, password_hash) VALUES (40046, 'noahgarcia', 'pass123');
INSERT INTO Users (user_id, username, password_hash) VALUES (40047, 'noahmiller', 'pass123');
INSERT INTO Users (user_id, username, password_hash) VALUES (40048, 'noahdavis', 'pass123');
INSERT INTO Users (user_id, username, password_hash) VALUES (40049, 'noahrodriguez', 'pass123');
INSERT INTO Users (user_id, username, password_hash) VALUES (40050, 'noahmartinez', 'pass123');
INSERT INTO Users (user_id, username, password_hash) VALUES (40051, 'noahhernandez', 'pass123');
INSERT INTO Users (user_id, username, password_hash) VALUES (40052, 'noahlopez', 'pass123');
INSERT INTO Users (user_id, username, password_hash) VALUES (40053, 'noahgonzalez', 'pass123');
INSERT INTO Users (user_id, username, password_hash) VALUES (40054, 'noahwilson', 'pass123');
INSERT INTO Users (user_id, username, password_hash) VALUES (40055, 'noahanderson', 'pass123');
INSERT INTO Users (user_id, username, password_hash) VALUES (40056, 'noahthomas', 'pass123');
INSERT INTO Users (user_id, username, password_hash) VALUES (40057, 'noahtaylor', 'pass123');
INSERT INTO Users (user_id, username, password_hash) VALUES (40058, 'noahmoore', 'pass123');
INSERT INTO Users (user_id, username, password_hash) VALUES (40059, 'noahjackson', 'pass123');
INSERT INTO Users (user_id, username, password_hash) VALUES (40060, 'noahmartin', 'pass123');
INSERT INTO Users (user_id, username, password_hash) VALUES (40061, 'emmasmith', 'pass123');
INSERT INTO Users (user_id, username, password_hash) VALUES (40062, 'emmajohnson', 'pass123');
INSERT INTO Users (user_id, username, password_hash) VALUES (40063, 'emmawilliams', 'pass123');
INSERT INTO Users (user_id, username, password_hash) VALUES (40064, 'emmabrown', 'pass123');
INSERT INTO Users (user_id, username, password_hash) VALUES (40065, 'emmajones', 'pass123');
INSERT INTO Users (user_id, username, password_hash) VALUES (40066, 'emmagarcia', 'pass123');
INSERT INTO Users (user_id, username, password_hash) VALUES (40067, 'emmamiller', 'pass123');
INSERT INTO Users (user_id, username, password_hash) VALUES (40068, 'emmadavis', 'pass123');
INSERT INTO Users (user_id, username, password_hash) VALUES (40069, 'emmarodriguez', 'pass123');
INSERT INTO Users (user_id, username, password_hash) VALUES (40070, 'emmamartinez', 'pass123');
INSERT INTO Users (user_id, username, password_hash) VALUES (40071, 'emmahernandez', 'pass123');
INSERT INTO Users (user_id, username, password_hash) VALUES (40072, 'emmalopez', 'pass123');
INSERT INTO Users (user_id, username, password_hash) VALUES (40073, 'emmagonzalez', 'pass123');
INSERT INTO Users (user_id, username, password_hash) VALUES (40074, 'emmawilson', 'pass123');
INSERT INTO Users (user_id, username, password_hash) VALUES (40075, 'emmaanderson', 'pass123');
INSERT INTO Users (user_id, username, password_hash) VALUES (40076, 'emmathomas', 'pass123');
INSERT INTO Users (user_id, username, password_hash) VALUES (40077, 'emmataylor', 'pass123');
INSERT INTO Users (user_id, username, password_hash) VALUES (40078, 'emmamoore', 'pass123');
INSERT INTO Users (user_id, username, password_hash) VALUES (40079, 'emmajackson', 'pass123');
INSERT INTO Users (user_id, username, password_hash) VALUES (40080, 'emmamartin', 'pass123');
INSERT INTO Users (user_id, username, password_hash) VALUES (40081, 'oliversmith', 'pass123');
INSERT INTO Users (user_id, username, password_hash) VALUES (40082, 'oliverjohnson', 'pass123');
INSERT INTO Users (user_id, username, password_hash) VALUES (40083, 'oliverwilliams', 'pass123');
INSERT INTO Users (user_id, username, password_hash) VALUES (40084, 'oliverbrown', 'pass123');
INSERT INTO Users (user_id, username, password_hash) VALUES (40085, 'oliverjones', 'pass123');
INSERT INTO Users (user_id, username, password_hash) VALUES (40086, 'olivergarcia', 'pass123');
INSERT INTO Users (user_id, username, password_hash) VALUES (40087, 'olivermiller', 'pass123');
INSERT INTO Users (user_id, username, password_hash) VALUES (40088, 'oliverdavis', 'pass123');
INSERT INTO Users (user_id, username, password_hash) VALUES (40089, 'oliverrodriguez', 'pass123');
INSERT INTO Users (user_id, username, password_hash) VALUES (40090, 'olivermartinez', 'pass123');

-- INSERT INTO Classes (50 classes)
INSERT INTO Classes (class_id, class_name, teacher_id) VALUES (1001, 'Mathematics 101', 30001);
INSERT INTO Classes (class_id, class_name, teacher_id) VALUES (1002, 'Mathematics 201', 30001);
INSERT INTO Classes (class_id, class_name, teacher_id) VALUES (1003, 'Mathematics 301', 30001);
INSERT INTO Classes (class_id, class_name, teacher_id) VALUES (1004, 'Mathematics 401', 30001);
INSERT INTO Classes (class_id, class_name, teacher_id) VALUES (1005, 'Mathematics 501', 30001);
INSERT INTO Classes (class_id, class_name, teacher_id) VALUES (1006, 'English Literature 101', 30002);
INSERT INTO Classes (class_id, class_name, teacher_id) VALUES (1007, 'English Literature 201', 30002);
INSERT INTO Classes (class_id, class_name, teacher_id) VALUES (1008, 'English Literature 301', 30002);
INSERT INTO Classes (class_id, class_name, teacher_id) VALUES (1009, 'English Literature 401', 30002);
INSERT INTO Classes (class_id, class_name, teacher_id) VALUES (1010, 'English Literature 501', 30002);
INSERT INTO Classes (class_id, class_name, teacher_id) VALUES (1011, 'Biology 101', 30003);
INSERT INTO Classes (class_id, class_name, teacher_id) VALUES (1012, 'Biology 201', 30003);
INSERT INTO Classes (class_id, class_name, teacher_id) VALUES (1013, 'Biology 301', 30003);
INSERT INTO Classes (class_id, class_name, teacher_id) VALUES (1014, 'Biology 401', 30003);
INSERT INTO Classes (class_id, class_name, teacher_id) VALUES (1015, 'Biology 501', 30003);
INSERT INTO Classes (class_id, class_name, teacher_id) VALUES (1016, 'Chemistry 101', 30004);
INSERT INTO Classes (class_id, class_name, teacher_id) VALUES (1017, 'Chemistry 201', 30004);
INSERT INTO Classes (class_id, class_name, teacher_id) VALUES (1018, 'Chemistry 301', 30004);
INSERT INTO Classes (class_id, class_name, teacher_id) VALUES (1019, 'Chemistry 401', 30004);
INSERT INTO Classes (class_id, class_name, teacher_id) VALUES (1020, 'Chemistry 501', 30004);
INSERT INTO Classes (class_id, class_name, teacher_id) VALUES (1021, 'Physics 101', 30005);
INSERT INTO Classes (class_id, class_name, teacher_id) VALUES (1022, 'Physics 201', 30005);
INSERT INTO Classes (class_id, class_name, teacher_id) VALUES (1023, 'Physics 301', 30005);
INSERT INTO Classes (class_id, class_name, teacher_id) VALUES (1024, 'Physics 401', 30005);
INSERT INTO Classes (class_id, class_name, teacher_id) VALUES (1025, 'Physics 501', 30005);
INSERT INTO Classes (class_id, class_name, teacher_id) VALUES (1026, 'Computer Science 101', 30006);
INSERT INTO Classes (class_id, class_name, teacher_id) VALUES (1027, 'Computer Science 201', 30006);
INSERT INTO Classes (class_id, class_name, teacher_id) VALUES (1028, 'Computer Science 301', 30006);
INSERT INTO Classes (class_id, class_name, teacher_id) VALUES (1029, 'Computer Science 401', 30006);
INSERT INTO Classes (class_id, class_name, teacher_id) VALUES (1030, 'Computer Science 501', 30006);
INSERT INTO Classes (class_id, class_name, teacher_id) VALUES (1031, 'History 101', 30007);
INSERT INTO Classes (class_id, class_name, teacher_id) VALUES (1032, 'History 201', 30007);
INSERT INTO Classes (class_id, class_name, teacher_id) VALUES (1033, 'History 301', 30007);
INSERT INTO Classes (class_id, class_name, teacher_id) VALUES (1034, 'History 401', 30007);
INSERT INTO Classes (class_id, class_name, teacher_id) VALUES (1035, 'History 501', 30007);
INSERT INTO Classes (class_id, class_name, teacher_id) VALUES (1036, 'Geography 101', 30008);
INSERT INTO Classes (class_id, class_name, teacher_id) VALUES (1037, 'Geography 201', 30008);
INSERT INTO Classes (class_id, class_name, teacher_id) VALUES (1038, 'Geography 301', 30008);
INSERT INTO Classes (class_id, class_name, teacher_id) VALUES (1039, 'Geography 401', 30008);
INSERT INTO Classes (class_id, class_name, teacher_id) VALUES (1040, 'Geography 501', 30008);
INSERT INTO Classes (class_id, class_name, teacher_id) VALUES (1041, 'Art 101', 30009);
INSERT INTO Classes (class_id, class_name, teacher_id) VALUES (1042, 'Art 201', 30009);
INSERT INTO Classes (class_id, class_name, teacher_id) VALUES (1043, 'Art 301', 30009);
INSERT INTO Classes (class_id, class_name, teacher_id) VALUES (1044, 'Art 401', 30009);
INSERT INTO Classes (class_id, class_name, teacher_id) VALUES (1045, 'Art 501', 30009);
INSERT INTO Classes (class_id, class_name, teacher_id) VALUES (1046, 'Music 101', 30010);
INSERT INTO Classes (class_id, class_name, teacher_id) VALUES (1047, 'Music 201', 30010);
INSERT INTO Classes (class_id, class_name, teacher_id) VALUES (1048, 'Music 301', 30010);
INSERT INTO Classes (class_id, class_name, teacher_id) VALUES (1049, 'Music 401', 30010);
INSERT INTO Classes (class_id, class_name, teacher_id) VALUES (1050, 'Music 501', 30010);

-- INSERT INTO Enrollments (each student in 3 random classes)
INSERT INTO Enrollments (enrollment_id, class_id, student_id) VALUES (1, 1026, 40001);
INSERT INTO Enrollments (enrollment_id, class_id, student_id) VALUES (2, 1043, 40001);
INSERT INTO Enrollments (enrollment_id, class_id, student_id) VALUES (3, 1049, 40001);
INSERT INTO Enrollments (enrollment_id, class_id, student_id) VALUES (4, 1022, 40002);
INSERT INTO Enrollments (enrollment_id, class_id, student_id) VALUES (5, 1001, 40002);
INSERT INTO Enrollments (enrollment_id, class_id, student_id) VALUES (6, 1012, 40002);
INSERT INTO Enrollments (enrollment_id, class_id, student_id) VALUES (7, 1022, 40003);
INSERT INTO Enrollments (enrollment_id, class_id, student_id) VALUES (8, 1003, 40003);
INSERT INTO Enrollments (enrollment_id, class_id, student_id) VALUES (9, 1032, 40003);
INSERT INTO Enrollments (enrollment_id, class_id, student_id) VALUES (10, 1030, 40004);
INSERT INTO Enrollments (enrollment_id, class_id, student_id) VALUES (11, 1045, 40004);
INSERT INTO Enrollments (enrollment_id, class_id, student_id) VALUES (12, 1025, 40004);
INSERT INTO Enrollments (enrollment_id, class_id, student_id) VALUES (13, 1023, 40005);
INSERT INTO Enrollments (enrollment_id, class_id, student_id) VALUES (14, 1002, 40005);
INSERT INTO Enrollments (enrollment_id, class_id, student_id) VALUES (15, 1008, 40005);
INSERT INTO Enrollments (enrollment_id, class_id, student_id) VALUES (16, 1036, 40006);
INSERT INTO Enrollments (enrollment_id, class_id, student_id) VALUES (17, 1038, 40006);
INSERT INTO Enrollments (enrollment_id, class_id, student_id) VALUES (18, 1012, 40006);
INSERT INTO Enrollments (enrollment_id, class_id, student_id) VALUES (19, 1024, 40007);
INSERT INTO Enrollments (enrollment_id, class_id, student_id) VALUES (20, 1050, 40007);
INSERT INTO Enrollments (enrollment_id, class_id, student_id) VALUES (21, 1016, 40007);
INSERT INTO Enrollments (enrollment_id, class_id, student_id) VALUES (22, 1008, 40008);
INSERT INTO Enrollments (enrollment_id, class_id, student_id) VALUES (23, 1034, 40008);
INSERT INTO Enrollments (enrollment_id, class_id, student_id) VALUES (24, 1006, 40008);
INSERT INTO Enrollments (enrollment_id, class_id, student_id) VALUES (25, 1002, 40009);
INSERT INTO Enrollments (enrollment_id, class_id, student_id) VALUES (26, 1029, 40009);
INSERT INTO Enrollments (enrollment_id, class_id, student_id) VALUES (27, 1018, 40009);
INSERT INTO Enrollments (enrollment_id, class_id, student_id) VALUES (28, 1003, 40010);
INSERT INTO Enrollments (enrollment_id, class_id, student_id) VALUES (29, 1041, 40010);
INSERT INTO Enrollments (enrollment_id, class_id, student_id) VALUES (30, 1038, 40010);
INSERT INTO Enrollments (enrollment_id, class_id, student_id) VALUES (31, 1033, 40011);
INSERT INTO Enrollments (enrollment_id, class_id, student_id) VALUES (32, 1026, 40011);
INSERT INTO Enrollments (enrollment_id, class_id, student_id) VALUES (33, 1047, 40011);
INSERT INTO Enrollments (enrollment_id, class_id, student_id) VALUES (34, 1028, 40012);
INSERT INTO Enrollments (enrollment_id, class_id, student_id) VALUES (35, 1010, 40012);
INSERT INTO Enrollments (enrollment_id, class_id, student_id) VALUES (36, 1038, 40012);
INSERT INTO Enrollments (enrollment_id, class_id, student_id) VALUES (37, 1018, 40013);
INSERT INTO Enrollments (enrollment_id, class_id, student_id) VALUES (38, 1047, 40013);
INSERT INTO Enrollments (enrollment_id, class_id, student_id) VALUES (39, 1004, 40013);
INSERT INTO Enrollments (enrollment_id, class_id, student_id) VALUES (40, 1038, 40014);
INSERT INTO Enrollments (enrollment_id, class_id, student_id) VALUES (41, 1019, 40014);
INSERT INTO Enrollments (enrollment_id, class_id, student_id) VALUES (42, 1012, 40014);
INSERT INTO Enrollments (enrollment_id, class_id, student_id) VALUES (43, 1010, 40015);
INSERT INTO Enrollments (enrollment_id, class_id, student_id) VALUES (44, 1045, 40015);
INSERT INTO Enrollments (enrollment_id, class_id, student_id) VALUES (45, 1037, 40015);
INSERT INTO Enrollments (enrollment_id, class_id, student_id) VALUES (46, 1031, 40016);
INSERT INTO Enrollments (enrollment_id, class_id, student_id) VALUES (47, 1041, 40016);
INSERT INTO Enrollments (enrollment_id, class_id, student_id) VALUES (48, 1016, 40016);
INSERT INTO Enrollments (enrollment_id, class_id, student_id) VALUES (49, 1020, 40017);
INSERT INTO Enrollments (enrollment_id, class_id, student_id) VALUES (50, 1039, 40017);
INSERT INTO Enrollments (enrollment_id, class_id, student_id) VALUES (51, 1015, 40017);
INSERT INTO Enrollments (enrollment_id, class_id, student_id) VALUES (52, 1031, 40018);
INSERT INTO Enrollments (enrollment_id, class_id, student_id) VALUES (53, 1045, 40018);
INSERT INTO Enrollments (enrollment_id, class_id, student_id) VALUES (54, 1008, 40018);
INSERT INTO Enrollments (enrollment_id, class_id, student_id) VALUES (55, 1020, 40019);
INSERT INTO Enrollments (enrollment_id, class_id, student_id) VALUES (56, 1034, 40019);
INSERT INTO Enrollments (enrollment_id, class_id, student_id) VALUES (57, 1015, 40019);
INSERT INTO Enrollments (enrollment_id, class_id, student_id) VALUES (58, 1035, 40020);
INSERT INTO Enrollments (enrollment_id, class_id, student_id) VALUES (59, 1015, 40020);
INSERT INTO Enrollments (enrollment_id, class_id, student_id) VALUES (60, 1001, 40020);
INSERT INTO Enrollments (enrollment_id, class_id, student_id) VALUES (61, 1023, 40021);
INSERT INTO Enrollments (enrollment_id, class_id, student_id) VALUES (62, 1021, 40021);
INSERT INTO Enrollments (enrollment_id, class_id, student_id) VALUES (63, 1020, 40021);
INSERT INTO Enrollments (enrollment_id, class_id, student_id) VALUES (64, 1006, 40022);
INSERT INTO Enrollments (enrollment_id, class_id, student_id) VALUES (65, 1050, 40022);
INSERT INTO Enrollments (enrollment_id, class_id, student_id) VALUES (66, 1035, 40022);
INSERT INTO Enrollments (enrollment_id, class_id, student_id) VALUES (67, 1011, 40023);
INSERT INTO Enrollments (enrollment_id, class_id, student_id) VALUES (68, 1017, 40023);
INSERT INTO Enrollments (enrollment_id, class_id, student_id) VALUES (69, 1039, 40023);
INSERT INTO Enrollments (enrollment_id, class_id, student_id) VALUES (70, 1015, 40024);
INSERT INTO Enrollments (enrollment_id, class_id, student_id) VALUES (71, 1027, 40024);
INSERT INTO Enrollments (enrollment_id, class_id, student_id) VALUES (72, 1034, 40024);
INSERT INTO Enrollments (enrollment_id, class_id, student_id) VALUES (73, 1048, 40025);
INSERT INTO Enrollments (enrollment_id, class_id, student_id) VALUES (74, 1012, 40025);
INSERT INTO Enrollments (enrollment_id, class_id, student_id) VALUES (75, 1049, 40025);
INSERT INTO Enrollments (enrollment_id, class_id, student_id) VALUES (76, 1025, 40026);
INSERT INTO Enrollments (enrollment_id, class_id, student_id) VALUES (77, 1019, 40026);
INSERT INTO Enrollments (enrollment_id, class_id, student_id) VALUES (78, 1005, 40026);
INSERT INTO Enrollments (enrollment_id, class_id, student_id) VALUES (79, 1031, 40027);
INSERT INTO Enrollments (enrollment_id, class_id, student_id) VALUES (80, 1013, 40027);
INSERT INTO Enrollments (enrollment_id, class_id, student_id) VALUES (81, 1002, 40027);
INSERT INTO Enrollments (enrollment_id, class_id, student_id) VALUES (82, 1022, 40028);
INSERT INTO Enrollments (enrollment_id, class_id, student_id) VALUES (83, 1027, 40028);
INSERT INTO Enrollments (enrollment_id, class_id, student_id) VALUES (84, 1042, 40028);
INSERT INTO Enrollments (enrollment_id, class_id, student_id) VALUES (85, 1038, 40029);
INSERT INTO Enrollments (enrollment_id, class_id, student_id) VALUES (86, 1011, 40029);
INSERT INTO Enrollments (enrollment_id, class_id, student_id) VALUES (87, 1006, 40029);
INSERT INTO Enrollments (enrollment_id, class_id, student_id) VALUES (88, 1023, 40030);
INSERT INTO Enrollments (enrollment_id, class_id, student_id) VALUES (89, 1006, 40030);
INSERT INTO Enrollments (enrollment_id, class_id, student_id) VALUES (90, 1043, 40030);
INSERT INTO Enrollments (enrollment_id, class_id, student_id) VALUES (91, 1031, 40031);
INSERT INTO Enrollments (enrollment_id, class_id, student_id) VALUES (92, 1023, 40031);
INSERT INTO Enrollments (enrollment_id, class_id, student_id) VALUES (93, 1005, 40031);
INSERT INTO Enrollments (enrollment_id, class_id, student_id) VALUES (94, 1004, 40032);
INSERT INTO Enrollments (enrollment_id, class_id, student_id) VALUES (95, 1042, 40032);
INSERT INTO Enrollments (enrollment_id, class_id, student_id) VALUES (96, 1034, 40032);
INSERT INTO Enrollments (enrollment_id, class_id, student_id) VALUES (97, 1039, 40033);
INSERT INTO Enrollments (enrollment_id, class_id, student_id) VALUES (98, 1006, 40033);
INSERT INTO Enrollments (enrollment_id, class_id, student_id) VALUES (99, 1034, 40033);
INSERT INTO Enrollments (enrollment_id, class_id, student_id) VALUES (100, 1024, 40034);
INSERT INTO Enrollments (enrollment_id, class_id, student_id) VALUES (101, 1030, 40034);
INSERT INTO Enrollments (enrollment_id, class_id, student_id) VALUES (102, 1042, 40034);
INSERT INTO Enrollments (enrollment_id, class_id, student_id) VALUES (103, 1015, 40035);
INSERT INTO Enrollments (enrollment_id, class_id, student_id) VALUES (104, 1004, 40035);
INSERT INTO Enrollments (enrollment_id, class_id, student_id) VALUES (105, 1025, 40035);
INSERT INTO Enrollments (enrollment_id, class_id, student_id) VALUES (106, 1049, 40036);
INSERT INTO Enrollments (enrollment_id, class_id, student_id) VALUES (107, 1012, 40036);
INSERT INTO Enrollments (enrollment_id, class_id, student_id) VALUES (108, 1037, 40036);
INSERT INTO Enrollments (enrollment_id, class_id, student_id) VALUES (109, 1015, 40037);
INSERT INTO Enrollments (enrollment_id, class_id, student_id) VALUES (110, 1027, 40037);
INSERT INTO Enrollments (enrollment_id, class_id, student_id) VALUES (111, 1016, 40037);
INSERT INTO Enrollments (enrollment_id, class_id, student_id) VALUES (112, 1018, 40038);
INSERT INTO Enrollments (enrollment_id, class_id, student_id) VALUES (113, 1049, 40038);
INSERT INTO Enrollments (enrollment_id, class_id, student_id) VALUES (114, 1035, 40038);
INSERT INTO Enrollments (enrollment_id, class_id, student_id) VALUES (115, 1004, 40039);
INSERT INTO Enrollments (enrollment_id, class_id, student_id) VALUES (116, 1015, 40039);
INSERT INTO Enrollments (enrollment_id, class_id, student_id) VALUES (117, 1006, 40039);
INSERT INTO Enrollments (enrollment_id, class_id, student_id) VALUES (118, 1029, 40040);
INSERT INTO Enrollments (enrollment_id, class_id, student_id) VALUES (119, 1042, 40040);
INSERT INTO Enrollments (enrollment_id, class_id, student_id) VALUES (120, 1035, 40040);
INSERT INTO Enrollments (enrollment_id, class_id, student_id) VALUES (121, 1004, 40041);
INSERT INTO Enrollments (enrollment_id, class_id, student_id) VALUES (122, 1026, 40041);
INSERT INTO Enrollments (enrollment_id, class_id, student_id) VALUES (123, 1011, 40041);
INSERT INTO Enrollments (enrollment_id, class_id, student_id) VALUES (124, 1008, 40042);
INSERT INTO Enrollments (enrollment_id, class_id, student_id) VALUES (125, 1006, 40042);
INSERT INTO Enrollments (enrollment_id, class_id, student_id) VALUES (126, 1007, 40042);
INSERT INTO Enrollments (enrollment_id, class_id, student_id) VALUES (127, 1050, 40043);
INSERT INTO Enrollments (enrollment_id, class_id, student_id) VALUES (128, 1017, 40043);
INSERT INTO Enrollments (enrollment_id, class_id, student_id) VALUES (129, 1020, 40043);
INSERT INTO Enrollments (enrollment_id, class_id, student_id) VALUES (130, 1030, 40044);
INSERT INTO Enrollments (enrollment_id, class_id, student_id) VALUES (131, 1023, 40044);
INSERT INTO Enrollments (enrollment_id, class_id, student_id) VALUES (132, 1029, 40044);
INSERT INTO Enrollments (enrollment_id, class_id, student_id) VALUES (133, 1049, 40045);
INSERT INTO Enrollments (enrollment_id, class_id, student_id) VALUES (134, 1038, 40045);
INSERT INTO Enrollments (enrollment_id, class_id, student_id) VALUES (135, 1012, 40045);
INSERT INTO Enrollments (enrollment_id, class_id, student_id) VALUES (136, 1019, 40046);
INSERT INTO Enrollments (enrollment_id, class_id, student_id) VALUES (137, 1046, 40046);
INSERT INTO Enrollments (enrollment_id, class_id, student_id) VALUES (138, 1032, 40046);
INSERT INTO Enrollments (enrollment_id, class_id, student_id) VALUES (139, 1016, 40047);
INSERT INTO Enrollments (enrollment_id, class_id, student_id) VALUES (140, 1049, 40047);
INSERT INTO Enrollments (enrollment_id, class_id, student_id) VALUES (141, 1009, 40047);
INSERT INTO Enrollments (enrollment_id, class_id, student_id) VALUES (142, 1026, 40048);
INSERT INTO Enrollments (enrollment_id, class_id, student_id) VALUES (143, 1014, 40048);
INSERT INTO Enrollments (enrollment_id, class_id, student_id) VALUES (144, 1035, 40048);
INSERT INTO Enrollments (enrollment_id, class_id, student_id) VALUES (145, 1032, 40049);
INSERT INTO Enrollments (enrollment_id, class_id, student_id) VALUES (146, 1002, 40049);
INSERT INTO Enrollments (enrollment_id, class_id, student_id) VALUES (147, 1020, 40049);
INSERT INTO Enrollments (enrollment_id, class_id, student_id) VALUES (148, 1020, 40050);
INSERT INTO Enrollments (enrollment_id, class_id, student_id) VALUES (149, 1011, 40050);
INSERT INTO Enrollments (enrollment_id, class_id, student_id) VALUES (150, 1013, 40050);
INSERT INTO Enrollments (enrollment_id, class_id, student_id) VALUES (151, 1042, 40051);
INSERT INTO Enrollments (enrollment_id, class_id, student_id) VALUES (152, 1046, 40051);
INSERT INTO Enrollments (enrollment_id, class_id, student_id) VALUES (153, 1026, 40051);
INSERT INTO Enrollments (enrollment_id, class_id, student_id) VALUES (154, 1016, 40052);
INSERT INTO Enrollments (enrollment_id, class_id, student_id) VALUES (155, 1019, 40052);
INSERT INTO Enrollments (enrollment_id, class_id, student_id) VALUES (156, 1014, 40052);
INSERT INTO Enrollments (enrollment_id, class_id, student_id) VALUES (157, 1006, 40053);
INSERT INTO Enrollments (enrollment_id, class_id, student_id) VALUES (158, 1040, 40053);
INSERT INTO Enrollments (enrollment_id, class_id, student_id) VALUES (159, 1015, 40053);
INSERT INTO Enrollments (enrollment_id, class_id, student_id) VALUES (160, 1007, 40054);
INSERT INTO Enrollments (enrollment_id, class_id, student_id) VALUES (161, 1021, 40054);
INSERT INTO Enrollments (enrollment_id, class_id, student_id) VALUES (162, 1022, 40054);
INSERT INTO Enrollments (enrollment_id, class_id, student_id) VALUES (163, 1026, 40055);
INSERT INTO Enrollments (enrollment_id, class_id, student_id) VALUES (164, 1006, 40055);
INSERT INTO Enrollments (enrollment_id, class_id, student_id) VALUES (165, 1033, 40055);
INSERT INTO Enrollments (enrollment_id, class_id, student_id) VALUES (166, 1009, 40056);
INSERT INTO Enrollments (enrollment_id, class_id, student_id) VALUES (167, 1037, 40056);
INSERT INTO Enrollments (enrollment_id, class_id, student_id) VALUES (168, 1045, 40056);
INSERT INTO Enrollments (enrollment_id, class_id, student_id) VALUES (169, 1031, 40057);
INSERT INTO Enrollments (enrollment_id, class_id, student_id) VALUES (170, 1029, 40057);
INSERT INTO Enrollments (enrollment_id, class_id, student_id) VALUES (171, 1041, 40057);
INSERT INTO Enrollments (enrollment_id, class_id, student_id) VALUES (172, 1041, 40058);
INSERT INTO Enrollments (enrollment_id, class_id, student_id) VALUES (173, 1004, 40058);
INSERT INTO Enrollments (enrollment_id, class_id, student_id) VALUES (174, 1034, 40058);
INSERT INTO Enrollments (enrollment_id, class_id, student_id) VALUES (175, 1032, 40059);
INSERT INTO Enrollments (enrollment_id, class_id, student_id) VALUES (176, 1035, 40059);
INSERT INTO Enrollments (enrollment_id, class_id, student_id) VALUES (177, 1016, 40059);
INSERT INTO Enrollments (enrollment_id, class_id, student_id) VALUES (178, 1020, 40060);
INSERT INTO Enrollments (enrollment_id, class_id, student_id) VALUES (179, 1038, 40060);
INSERT INTO Enrollments (enrollment_id, class_id, student_id) VALUES (180, 1004, 40060);
INSERT INTO Enrollments (enrollment_id, class_id, student_id) VALUES (181, 1006, 40061);
INSERT INTO Enrollments (enrollment_id, class_id, student_id) VALUES (182, 1015, 40061);
INSERT INTO Enrollments (enrollment_id, class_id, student_id) VALUES (183, 1038, 40061);
INSERT INTO Enrollments (enrollment_id, class_id, student_id) VALUES (184, 1045, 40062);
INSERT INTO Enrollments (enrollment_id, class_id, student_id) VALUES (185, 1022, 40062);
INSERT INTO Enrollments (enrollment_id, class_id, student_id) VALUES (186, 1029, 40062);
INSERT INTO Enrollments (enrollment_id, class_id, student_id) VALUES (187, 1049, 40063);
INSERT INTO Enrollments (enrollment_id, class_id, student_id) VALUES (188, 1025, 40063);
INSERT INTO Enrollments (enrollment_id, class_id, student_id) VALUES (189, 1040, 40063);
INSERT INTO Enrollments (enrollment_id, class_id, student_id) VALUES (190, 1047, 40064);
INSERT INTO Enrollments (enrollment_id, class_id, student_id) VALUES (191, 1003, 40064);
INSERT INTO Enrollments (enrollment_id, class_id, student_id) VALUES (192, 1001, 40064);
INSERT INTO Enrollments (enrollment_id, class_id, student_id) VALUES (193, 1043, 40065);
INSERT INTO Enrollments (enrollment_id, class_id, student_id) VALUES (194, 1037, 40065);
INSERT INTO Enrollments (enrollment_id, class_id, student_id) VALUES (195, 1010, 40065);
INSERT INTO Enrollments (enrollment_id, class_id, student_id) VALUES (196, 1033, 40066);
INSERT INTO Enrollments (enrollment_id, class_id, student_id) VALUES (197, 1045, 40066);
INSERT INTO Enrollments (enrollment_id, class_id, student_id) VALUES (198, 1050, 40066);
INSERT INTO Enrollments (enrollment_id, class_id, student_id) VALUES (199, 1018, 40067);
INSERT INTO Enrollments (enrollment_id, class_id, student_id) VALUES (200, 1021, 40067);
INSERT INTO Enrollments (enrollment_id, class_id, student_id) VALUES (201, 1013, 40067);
INSERT INTO Enrollments (enrollment_id, class_id, student_id) VALUES (202, 1045, 40068);
INSERT INTO Enrollments (enrollment_id, class_id, student_id) VALUES (203, 1032, 40068);
INSERT INTO Enrollments (enrollment_id, class_id, student_id) VALUES (204, 1046, 40068);
INSERT INTO Enrollments (enrollment_id, class_id, student_id) VALUES (205, 1045, 40069);
INSERT INTO Enrollments (enrollment_id, class_id, student_id) VALUES (206, 1048, 40069);
INSERT INTO Enrollments (enrollment_id, class_id, student_id) VALUES (207, 1050, 40069);
INSERT INTO Enrollments (enrollment_id, class_id, student_id) VALUES (208, 1020, 40070);
INSERT INTO Enrollments (enrollment_id, class_id, student_id) VALUES (209, 1029, 40070);
INSERT INTO Enrollments (enrollment_id, class_id, student_id) VALUES (210, 1011, 40070);
INSERT INTO Enrollments (enrollment_id, class_id, student_id) VALUES (211, 1017, 40071);
INSERT INTO Enrollments (enrollment_id, class_id, student_id) VALUES (212, 1001, 40071);
INSERT INTO Enrollments (enrollment_id, class_id, student_id) VALUES (213, 1004, 40071);
INSERT INTO Enrollments (enrollment_id, class_id, student_id) VALUES (214, 1021, 40072);
INSERT INTO Enrollments (enrollment_id, class_id, student_id) VALUES (215, 1005, 40072);
INSERT INTO Enrollments (enrollment_id, class_id, student_id) VALUES (216, 1029, 40072);
INSERT INTO Enrollments (enrollment_id, class_id, student_id) VALUES (217, 1021, 40073);
INSERT INTO Enrollments (enrollment_id, class_id, student_id) VALUES (218, 1014, 40073);
INSERT INTO Enrollments (enrollment_id, class_id, student_id) VALUES (219, 1046, 40073);
INSERT INTO Enrollments (enrollment_id, class_id, student_id) VALUES (220, 1023, 40074);
INSERT INTO Enrollments (enrollment_id, class_id, student_id) VALUES (221, 1024, 40074);
INSERT INTO Enrollments (enrollment_id, class_id, student_id) VALUES (222, 1039, 40074);
INSERT INTO Enrollments (enrollment_id, class_id, student_id) VALUES (223, 1019, 40075);
INSERT INTO Enrollments (enrollment_id, class_id, student_id) VALUES (224, 1046, 40075);
INSERT INTO Enrollments (enrollment_id, class_id, student_id) VALUES (225, 1027, 40075);
INSERT INTO Enrollments (enrollment_id, class_id, student_id) VALUES (226, 1034, 40076);
INSERT INTO Enrollments (enrollment_id, class_id, student_id) VALUES (227, 1044, 40076);
INSERT INTO Enrollments (enrollment_id, class_id, student_id) VALUES (228, 1027, 40076);
INSERT INTO Enrollments (enrollment_id, class_id, student_id) VALUES (229, 1017, 40077);
INSERT INTO Enrollments (enrollment_id, class_id, student_id) VALUES (230, 1033, 40077);
INSERT INTO Enrollments (enrollment_id, class_id, student_id) VALUES (231, 1024, 40077);
INSERT INTO Enrollments (enrollment_id, class_id, student_id) VALUES (232, 1025, 40078);
INSERT INTO Enrollments (enrollment_id, class_id, student_id) VALUES (233, 1050, 40078);
INSERT INTO Enrollments (enrollment_id, class_id, student_id) VALUES (234, 1016, 40078);
INSERT INTO Enrollments (enrollment_id, class_id, student_id) VALUES (235, 1011, 40079);
INSERT INTO Enrollments (enrollment_id, class_id, student_id) VALUES (236, 1021, 40079);
INSERT INTO Enrollments (enrollment_id, class_id, student_id) VALUES (237, 1040, 40079);
INSERT INTO Enrollments (enrollment_id, class_id, student_id) VALUES (238, 1046, 40080);
INSERT INTO Enrollments (enrollment_id, class_id, student_id) VALUES (239, 1012, 40080);
INSERT INTO Enrollments (enrollment_id, class_id, student_id) VALUES (240, 1038, 40080);
INSERT INTO Enrollments (enrollment_id, class_id, student_id) VALUES (241, 1031, 40081);
INSERT INTO Enrollments (enrollment_id, class_id, student_id) VALUES (242, 1030, 40081);
INSERT INTO Enrollments (enrollment_id, class_id, student_id) VALUES (243, 1012, 40081);
INSERT INTO Enrollments (enrollment_id, class_id, student_id) VALUES (244, 1025, 40082);
INSERT INTO Enrollments (enrollment_id, class_id, student_id) VALUES (245, 1041, 40082);
INSERT INTO Enrollments (enrollment_id, class_id, student_id) VALUES (246, 1039, 40082);
INSERT INTO Enrollments (enrollment_id, class_id, student_id) VALUES (247, 1005, 40083);
INSERT INTO Enrollments (enrollment_id, class_id, student_id) VALUES (248, 1031, 40083);
INSERT INTO Enrollments (enrollment_id, class_id, student_id) VALUES (249, 1016, 40083);
INSERT INTO Enrollments (enrollment_id, class_id, student_id) VALUES (250, 1006, 40084);
INSERT INTO Enrollments (enrollment_id, class_id, student_id) VALUES (251, 1044, 40084);
INSERT INTO Enrollments (enrollment_id, class_id, student_id) VALUES (252, 1020, 40084);
INSERT INTO Enrollments (enrollment_id, class_id, student_id) VALUES (253, 1015, 40085);
INSERT INTO Enrollments (enrollment_id, class_id, student_id) VALUES (254, 1045, 40085);
INSERT INTO Enrollments (enrollment_id, class_id, student_id) VALUES (255, 1001, 40085);
INSERT INTO Enrollments (enrollment_id, class_id, student_id) VALUES (256, 1039, 40086);
INSERT INTO Enrollments (enrollment_id, class_id, student_id) VALUES (257, 1045, 40086);
INSERT INTO Enrollments (enrollment_id, class_id, student_id) VALUES (258, 1007, 40086);
INSERT INTO Enrollments (enrollment_id, class_id, student_id) VALUES (259, 1014, 40087);
INSERT INTO Enrollments (enrollment_id, class_id, student_id) VALUES (260, 1043, 40087);
INSERT INTO Enrollments (enrollment_id, class_id, student_id) VALUES (261, 1011, 40087);
INSERT INTO Enrollments (enrollment_id, class_id, student_id) VALUES (262, 1047, 40088);
INSERT INTO Enrollments (enrollment_id, class_id, student_id) VALUES (263, 1021, 40088);
INSERT INTO Enrollments (enrollment_id, class_id, student_id) VALUES (264, 1018, 40088);
INSERT INTO Enrollments (enrollment_id, class_id, student_id) VALUES (265, 1013, 40089);
INSERT INTO Enrollments (enrollment_id, class_id, student_id) VALUES (266, 1047, 40089);
INSERT INTO Enrollments (enrollment_id, class_id, student_id) VALUES (267, 1020, 40089);
INSERT INTO Enrollments (enrollment_id, class_id, student_id) VALUES (268, 1032, 40090);
INSERT INTO Enrollments (enrollment_id, class_id, student_id) VALUES (269, 1046, 40090);
INSERT INTO Enrollments (enrollment_id, class_id, student_id) VALUES (270, 1015, 40090);

-- INSERT INTO AttendanceSessions (2 sessions per class)
INSERT INTO AttendanceSessions (session_id, class_id, session_date, notes) VALUES (5001, 1001, '2025-05-05 09:00:00', 'Session for class 1001 on 2025-05-05 09:00:00');
INSERT INTO AttendanceSessions (session_id, class_id, session_date, notes) VALUES (5002, 1001, '2025-05-12 09:00:00', 'Session for class 1001 on 2025-05-12 09:00:00');
INSERT INTO AttendanceSessions (session_id, class_id, session_date, notes) VALUES (5003, 1002, '2025-05-05 09:00:00', 'Session for class 1002 on 2025-05-05 09:00:00');
INSERT INTO AttendanceSessions (session_id, class_id, session_date, notes) VALUES (5004, 1002, '2025-05-12 09:00:00', 'Session for class 1002 on 2025-05-12 09:00:00');
INSERT INTO AttendanceSessions (session_id, class_id, session_date, notes) VALUES (5005, 1003, '2025-05-05 09:00:00', 'Session for class 1003 on 2025-05-05 09:00:00');
INSERT INTO AttendanceSessions (session_id, class_id, session_date, notes) VALUES (5006, 1003, '2025-05-12 09:00:00', 'Session for class 1003 on 2025-05-12 09:00:00');
INSERT INTO AttendanceSessions (session_id, class_id, session_date, notes) VALUES (5007, 1004, '2025-05-05 09:00:00', 'Session for class 1004 on 2025-05-05 09:00:00');
INSERT INTO AttendanceSessions (session_id, class_id, session_date, notes) VALUES (5008, 1004, '2025-05-12 09:00:00', 'Session for class 1004 on 2025-05-12 09:00:00');
INSERT INTO AttendanceSessions (session_id, class_id, session_date, notes) VALUES (5009, 1005, '2025-05-05 09:00:00', 'Session for class 1005 on 2025-05-05 09:00:00');
INSERT INTO AttendanceSessions (session_id, class_id, session_date, notes) VALUES (5010, 1005, '2025-05-12 09:00:00', 'Session for class 1005 on 2025-05-12 09:00:00');
INSERT INTO AttendanceSessions (session_id, class_id, session_date, notes) VALUES (5011, 1006, '2025-05-05 09:00:00', 'Session for class 1006 on 2025-05-05 09:00:00');
INSERT INTO AttendanceSessions (session_id, class_id, session_date, notes) VALUES (5012, 1006, '2025-05-12 09:00:00', 'Session for class 1006 on 2025-05-12 09:00:00');
INSERT INTO AttendanceSessions (session_id, class_id, session_date, notes) VALUES (5013, 1007, '2025-05-05 09:00:00', 'Session for class 1007 on 2025-05-05 09:00:00');
INSERT INTO AttendanceSessions (session_id, class_id, session_date, notes) VALUES (5014, 1007, '2025-05-12 09:00:00', 'Session for class 1007 on 2025-05-12 09:00:00');
INSERT INTO AttendanceSessions (session_id, class_id, session_date, notes) VALUES (5015, 1008, '2025-05-05 09:00:00', 'Session for class 1008 on 2025-05-05 09:00:00');
INSERT INTO AttendanceSessions (session_id, class_id, session_date, notes) VALUES (5016, 1008, '2025-05-12 09:00:00', 'Session for class 1008 on 2025-05-12 09:00:00');
INSERT INTO AttendanceSessions (session_id, class_id, session_date, notes) VALUES (5017, 1009, '2025-05-05 09:00:00', 'Session for class 1009 on 2025-05-05 09:00:00');
INSERT INTO AttendanceSessions (session_id, class_id, session_date, notes) VALUES (5018, 1009, '2025-05-12 09:00:00', 'Session for class 1009 on 2025-05-12 09:00:00');
INSERT INTO AttendanceSessions (session_id, class_id, session_date, notes) VALUES (5019, 1010, '2025-05-05 09:00:00', 'Session for class 1010 on 2025-05-05 09:00:00');
INSERT INTO AttendanceSessions (session_id, class_id, session_date, notes) VALUES (5020, 1010, '2025-05-12 09:00:00', 'Session for class 1010 on 2025-05-12 09:00:00');
INSERT INTO AttendanceSessions (session_id, class_id, session_date, notes) VALUES (5021, 1011, '2025-05-05 09:00:00', 'Session for class 1011 on 2025-05-05 09:00:00');
INSERT INTO AttendanceSessions (session_id, class_id, session_date, notes) VALUES (5022, 1011, '2025-05-12 09:00:00', 'Session for class 1011 on 2025-05-12 09:00:00');
INSERT INTO AttendanceSessions (session_id, class_id, session_date, notes) VALUES (5023, 1012, '2025-05-05 09:00:00', 'Session for class 1012 on 2025-05-05 09:00:00');
INSERT INTO AttendanceSessions (session_id, class_id, session_date, notes) VALUES (5024, 1012, '2025-05-12 09:00:00', 'Session for class 1012 on 2025-05-12 09:00:00');
INSERT INTO AttendanceSessions (session_id, class_id, session_date, notes) VALUES (5025, 1013, '2025-05-05 09:00:00', 'Session for class 1013 on 2025-05-05 09:00:00');
INSERT INTO AttendanceSessions (session_id, class_id, session_date, notes) VALUES (5026, 1013, '2025-05-12 09:00:00', 'Session for class 1013 on 2025-05-12 09:00:00');
INSERT INTO AttendanceSessions (session_id, class_id, session_date, notes) VALUES (5027, 1014, '2025-05-05 09:00:00', 'Session for class 1014 on 2025-05-05 09:00:00');
INSERT INTO AttendanceSessions (session_id, class_id, session_date, notes) VALUES (5028, 1014, '2025-05-12 09:00:00', 'Session for class 1014 on 2025-05-12 09:00:00');
INSERT INTO AttendanceSessions (session_id, class_id, session_date, notes) VALUES (5029, 1015, '2025-05-05 09:00:00', 'Session for class 1015 on 2025-05-05 09:00:00');
INSERT INTO AttendanceSessions (session_id, class_id, session_date, notes) VALUES (5030, 1015, '2025-05-12 09:00:00', 'Session for class 1015 on 2025-05-12 09:00:00');
INSERT INTO AttendanceSessions (session_id, class_id, session_date, notes) VALUES (5031, 1016, '2025-05-05 09:00:00', 'Session for class 1016 on 2025-05-05 09:00:00');
INSERT INTO AttendanceSessions (session_id, class_id, session_date, notes) VALUES (5032, 1016, '2025-05-12 09:00:00', 'Session for class 1016 on 2025-05-12 09:00:00');
INSERT INTO AttendanceSessions (session_id, class_id, session_date, notes) VALUES (5033, 1017, '2025-05-05 09:00:00', 'Session for class 1017 on 2025-05-05 09:00:00');
INSERT INTO AttendanceSessions (session_id, class_id, session_date, notes) VALUES (5034, 1017, '2025-05-12 09:00:00', 'Session for class 1017 on 2025-05-12 09:00:00');
INSERT INTO AttendanceSessions (session_id, class_id, session_date, notes) VALUES (5035, 1018, '2025-05-05 09:00:00', 'Session for class 1018 on 2025-05-05 09:00:00');
INSERT INTO AttendanceSessions (session_id, class_id, session_date, notes) VALUES (5036, 1018, '2025-05-12 09:00:00', 'Session for class 1018 on 2025-05-12 09:00:00');
INSERT INTO AttendanceSessions (session_id, class_id, session_date, notes) VALUES (5037, 1019, '2025-05-05 09:00:00', 'Session for class 1019 on 2025-05-05 09:00:00');
INSERT INTO AttendanceSessions (session_id, class_id, session_date, notes) VALUES (5038, 1019, '2025-05-12 09:00:00', 'Session for class 1019 on 2025-05-12 09:00:00');
INSERT INTO AttendanceSessions (session_id, class_id, session_date, notes) VALUES (5039, 1020, '2025-05-05 09:00:00', 'Session for class 1020 on 2025-05-05 09:00:00');
INSERT INTO AttendanceSessions (session_id, class_id, session_date, notes) VALUES (5040, 1020, '2025-05-12 09:00:00', 'Session for class 1020 on 2025-05-12 09:00:00');
INSERT INTO AttendanceSessions (session_id, class_id, session_date, notes) VALUES (5041, 1021, '2025-05-05 09:00:00', 'Session for class 1021 on 2025-05-05 09:00:00');
INSERT INTO AttendanceSessions (session_id, class_id, session_date, notes) VALUES (5042, 1021, '2025-05-12 09:00:00', 'Session for class 1021 on 2025-05-12 09:00:00');
INSERT INTO AttendanceSessions (session_id, class_id, session_date, notes) VALUES (5043, 1022, '2025-05-05 09:00:00', 'Session for class 1022 on 2025-05-05 09:00:00');
INSERT INTO AttendanceSessions (session_id, class_id, session_date, notes) VALUES (5044, 1022, '2025-05-12 09:00:00', 'Session for class 1022 on 2025-05-12 09:00:00');
INSERT INTO AttendanceSessions (session_id, class_id, session_date, notes) VALUES (5045, 1023, '2025-05-05 09:00:00', 'Session for class 1023 on 2025-05-05 09:00:00');
INSERT INTO AttendanceSessions (session_id, class_id, session_date, notes) VALUES (5046, 1023, '2025-05-12 09:00:00', 'Session for class 1023 on 2025-05-12 09:00:00');
INSERT INTO AttendanceSessions (session_id, class_id, session_date, notes) VALUES (5047, 1024, '2025-05-05 09:00:00', 'Session for class 1024 on 2025-05-05 09:00:00');
INSERT INTO AttendanceSessions (session_id, class_id, session_date, notes) VALUES (5048, 1024, '2025-05-12 09:00:00', 'Session for class 1024 on 2025-05-12 09:00:00');
INSERT INTO AttendanceSessions (session_id, class_id, session_date, notes) VALUES (5049, 1025, '2025-05-05 09:00:00', 'Session for class 1025 on 2025-05-05 09:00:00');
INSERT INTO AttendanceSessions (session_id, class_id, session_date, notes) VALUES (5050, 1025, '2025-05-12 09:00:00', 'Session for class 1025 on 2025-05-12 09:00:00');
INSERT INTO AttendanceSessions (session_id, class_id, session_date, notes) VALUES (5051, 1026, '2025-05-05 09:00:00', 'Session for class 1026 on 2025-05-05 09:00:00');
INSERT INTO AttendanceSessions (session_id, class_id, session_date, notes) VALUES (5052, 1026, '2025-05-12 09:00:00', 'Session for class 1026 on 2025-05-12 09:00:00');
INSERT INTO AttendanceSessions (session_id, class_id, session_date, notes) VALUES (5053, 1027, '2025-05-05 09:00:00', 'Session for class 1027 on 2025-05-05 09:00:00');
INSERT INTO AttendanceSessions (session_id, class_id, session_date, notes) VALUES (5054, 1027, '2025-05-12 09:00:00', 'Session for class 1027 on 2025-05-12 09:00:00');
INSERT INTO AttendanceSessions (session_id, class_id, session_date, notes) VALUES (5055, 1028, '2025-05-05 09:00:00', 'Session for class 1028 on 2025-05-05 09:00:00');
INSERT INTO AttendanceSessions (session_id, class_id, session_date, notes) VALUES (5056, 1028, '2025-05-12 09:00:00', 'Session for class 1028 on 2025-05-12 09:00:00');
INSERT INTO AttendanceSessions (session_id, class_id, session_date, notes) VALUES (5057, 1029, '2025-05-05 09:00:00', 'Session for class 1029 on 2025-05-05 09:00:00');
INSERT INTO AttendanceSessions (session_id, class_id, session_date, notes) VALUES (5058, 1029, '2025-05-12 09:00:00', 'Session for class 1029 on 2025-05-12 09:00:00');
INSERT INTO AttendanceSessions (session_id, class_id, session_date, notes) VALUES (5059, 1030, '2025-05-05 09:00:00', 'Session for class 1030 on 2025-05-05 09:00:00');
INSERT INTO AttendanceSessions (session_id, class_id, session_date, notes) VALUES (5060, 1030, '2025-05-12 09:00:00', 'Session for class 1030 on 2025-05-12 09:00:00');
INSERT INTO AttendanceSessions (session_id, class_id, session_date, notes) VALUES (5061, 1031, '2025-05-05 09:00:00', 'Session for class 1031 on 2025-05-05 09:00:00');
INSERT INTO AttendanceSessions (session_id, class_id, session_date, notes) VALUES (5062, 1031, '2025-05-12 09:00:00', 'Session for class 1031 on 2025-05-12 09:00:00');
INSERT INTO AttendanceSessions (session_id, class_id, session_date, notes) VALUES (5063, 1032, '2025-05-05 09:00:00', 'Session for class 1032 on 2025-05-05 09:00:00');
INSERT INTO AttendanceSessions (session_id, class_id, session_date, notes) VALUES (5064, 1032, '2025-05-12 09:00:00', 'Session for class 1032 on 2025-05-12 09:00:00');
INSERT INTO AttendanceSessions (session_id, class_id, session_date, notes) VALUES (5065, 1033, '2025-05-05 09:00:00', 'Session for class 1033 on 2025-05-05 09:00:00');
INSERT INTO AttendanceSessions (session_id, class_id, session_date, notes) VALUES (5066, 1033, '2025-05-12 09:00:00', 'Session for class 1033 on 2025-05-12 09:00:00');
INSERT INTO AttendanceSessions (session_id, class_id, session_date, notes) VALUES (5067, 1034, '2025-05-05 09:00:00', 'Session for class 1034 on 2025-05-05 09:00:00');
INSERT INTO AttendanceSessions (session_id, class_id, session_date, notes) VALUES (5068, 1034, '2025-05-12 09:00:00', 'Session for class 1034 on 2025-05-12 09:00:00');
INSERT INTO AttendanceSessions (session_id, class_id, session_date, notes) VALUES (5069, 1035, '2025-05-05 09:00:00', 'Session for class 1035 on 2025-05-05 09:00:00');
INSERT INTO AttendanceSessions (session_id, class_id, session_date, notes) VALUES (5070, 1035, '2025-05-12 09:00:00', 'Session for class 1035 on 2025-05-12 09:00:00');
INSERT INTO AttendanceSessions (session_id, class_id, session_date, notes) VALUES (5071, 1036, '2025-05-05 09:00:00', 'Session for class 1036 on 2025-05-05 09:00:00');
INSERT INTO AttendanceSessions (session_id, class_id, session_date, notes) VALUES (5072, 1036, '2025-05-12 09:00:00', 'Session for class 1036 on 2025-05-12 09:00:00');
INSERT INTO AttendanceSessions (session_id, class_id, session_date, notes) VALUES (5073, 1037, '2025-05-05 09:00:00', 'Session for class 1037 on 2025-05-05 09:00:00');
INSERT INTO AttendanceSessions (session_id, class_id, session_date, notes) VALUES (5074, 1037, '2025-05-12 09:00:00', 'Session for class 1037 on 2025-05-12 09:00:00');
INSERT INTO AttendanceSessions (session_id, class_id, session_date, notes) VALUES (5075, 1038, '2025-05-05 09:00:00', 'Session for class 1038 on 2025-05-05 09:00:00');
INSERT INTO AttendanceSessions (session_id, class_id, session_date, notes) VALUES (5076, 1038, '2025-05-12 09:00:00', 'Session for class 1038 on 2025-05-12 09:00:00');
INSERT INTO AttendanceSessions (session_id, class_id, session_date, notes) VALUES (5077, 1039, '2025-05-05 09:00:00', 'Session for class 1039 on 2025-05-05 09:00:00');
INSERT INTO AttendanceSessions (session_id, class_id, session_date, notes) VALUES (5078, 1039, '2025-05-12 09:00:00', 'Session for class 1039 on 2025-05-12 09:00:00');
INSERT INTO AttendanceSessions (session_id, class_id, session_date, notes) VALUES (5079, 1040, '2025-05-05 09:00:00', 'Session for class 1040 on 2025-05-05 09:00:00');
INSERT INTO AttendanceSessions (session_id, class_id, session_date, notes) VALUES (5080, 1040, '2025-05-12 09:00:00', 'Session for class 1040 on 2025-05-12 09:00:00');
INSERT INTO AttendanceSessions (session_id, class_id, session_date, notes) VALUES (5081, 1041, '2025-05-05 09:00:00', 'Session for class 1041 on 2025-05-05 09:00:00');
INSERT INTO AttendanceSessions (session_id, class_id, session_date, notes) VALUES (5082, 1041, '2025-05-12 09:00:00', 'Session for class 1041 on 2025-05-12 09:00:00');
INSERT INTO AttendanceSessions (session_id, class_id, session_date, notes) VALUES (5083, 1042, '2025-05-05 09:00:00', 'Session for class 1042 on 2025-05-05 09:00:00');
INSERT INTO AttendanceSessions (session_id, class_id, session_date, notes) VALUES (5084, 1042, '2025-05-12 09:00:00', 'Session for class 1042 on 2025-05-12 09:00:00');
INSERT INTO AttendanceSessions (session_id, class_id, session_date, notes) VALUES (5085, 1043, '2025-05-05 09:00:00', 'Session for class 1043 on 2025-05-05 09:00:00');
INSERT INTO AttendanceSessions (session_id, class_id, session_date, notes) VALUES (5086, 1043, '2025-05-12 09:00:00', 'Session for class 1043 on 2025-05-12 09:00:00');
INSERT INTO AttendanceSessions (session_id, class_id, session_date, notes) VALUES (5087, 1044, '2025-05-05 09:00:00', 'Session for class 1044 on 2025-05-05 09:00:00');
INSERT INTO AttendanceSessions (session_id, class_id, session_date, notes) VALUES (5088, 1044, '2025-05-12 09:00:00', 'Session for class 1044 on 2025-05-12 09:00:00');
INSERT INTO AttendanceSessions (session_id, class_id, session_date, notes) VALUES (5089, 1045, '2025-05-05 09:00:00', 'Session for class 1045 on 2025-05-05 09:00:00');
INSERT INTO AttendanceSessions (session_id, class_id, session_date, notes) VALUES (5090, 1045, '2025-05-12 09:00:00', 'Session for class 1045 on 2025-05-12 09:00:00');
INSERT INTO AttendanceSessions (session_id, class_id, session_date, notes) VALUES (5091, 1046, '2025-05-05 09:00:00', 'Session for class 1046 on 2025-05-05 09:00:00');
INSERT INTO AttendanceSessions (session_id, class_id, session_date, notes) VALUES (5092, 1046, '2025-05-12 09:00:00', 'Session for class 1046 on 2025-05-12 09:00:00');
INSERT INTO AttendanceSessions (session_id, class_id, session_date, notes) VALUES (5093, 1047, '2025-05-05 09:00:00', 'Session for class 1047 on 2025-05-05 09:00:00');
INSERT INTO AttendanceSessions (session_id, class_id, session_date, notes) VALUES (5094, 1047, '2025-05-12 09:00:00', 'Session for class 1047 on 2025-05-12 09:00:00');
INSERT INTO AttendanceSessions (session_id, class_id, session_date, notes) VALUES (5095, 1048, '2025-05-05 09:00:00', 'Session for class 1048 on 2025-05-05 09:00:00');
INSERT INTO AttendanceSessions (session_id, class_id, session_date, notes) VALUES (5096, 1048, '2025-05-12 09:00:00', 'Session for class 1048 on 2025-05-12 09:00:00');
INSERT INTO AttendanceSessions (session_id, class_id, session_date, notes) VALUES (5097, 1049, '2025-05-05 09:00:00', 'Session for class 1049 on 2025-05-05 09:00:00');
INSERT INTO AttendanceSessions (session_id, class_id, session_date, notes) VALUES (5098, 1049, '2025-05-12 09:00:00', 'Session for class 1049 on 2025-05-12 09:00:00');
INSERT INTO AttendanceSessions (session_id, class_id, session_date, notes) VALUES (5099, 1050, '2025-05-05 09:00:00', 'Session for class 1050 on 2025-05-05 09:00:00');
INSERT INTO AttendanceSessions (session_id, class_id, session_date, notes) VALUES (5100, 1050, '2025-05-12 09:00:00', 'Session for class 1050 on 2025-05-12 09:00:00');

-- INSERT INTO AttendanceRecords (mock attendance)
INSERT INTO AttendanceRecords (record_id, session_id, student_id, status) VALUES (1, 5001, 40002, 'Present');
INSERT INTO AttendanceRecords (record_id, session_id, student_id, status) VALUES (2, 5001, 40020, 'Absent');
INSERT INTO AttendanceRecords (record_id, session_id, student_id, status) VALUES (3, 5001, 40064, 'Present');
INSERT INTO AttendanceRecords (record_id, session_id, student_id, status) VALUES (4, 5001, 40071, 'Present');
INSERT INTO AttendanceRecords (record_id, session_id, student_id, status) VALUES (5, 5001, 40085, 'Present');
INSERT INTO AttendanceRecords (record_id, session_id, student_id, status) VALUES (6, 5002, 40002, 'Present');
INSERT INTO AttendanceRecords (record_id, session_id, student_id, status) VALUES (7, 5002, 40020, 'Present');
INSERT INTO AttendanceRecords (record_id, session_id, student_id, status) VALUES (8, 5002, 40064, 'Present');
INSERT INTO AttendanceRecords (record_id, session_id, student_id, status) VALUES (9, 5002, 40071, 'Absent');
INSERT INTO AttendanceRecords (record_id, session_id, student_id, status) VALUES (10, 5002, 40085, 'Present');
INSERT INTO AttendanceRecords (record_id, session_id, student_id, status) VALUES (11, 5003, 40005, 'Present');
INSERT INTO AttendanceRecords (record_id, session_id, student_id, status) VALUES (12, 5003, 40009, 'Present');
INSERT INTO AttendanceRecords (record_id, session_id, student_id, status) VALUES (13, 5003, 40027, 'Absent');
INSERT INTO AttendanceRecords (record_id, session_id, student_id, status) VALUES (14, 5003, 40049, 'Present');
INSERT INTO AttendanceRecords (record_id, session_id, student_id, status) VALUES (15, 5004, 40005, 'Absent');
INSERT INTO AttendanceRecords (record_id, session_id, student_id, status) VALUES (16, 5004, 40009, 'Absent');
INSERT INTO AttendanceRecords (record_id, session_id, student_id, status) VALUES (17, 5004, 40027, 'Present');
INSERT INTO AttendanceRecords (record_id, session_id, student_id, status) VALUES (18, 5004, 40049, 'Absent');
INSERT INTO AttendanceRecords (record_id, session_id, student_id, status) VALUES (19, 5005, 40003, 'Present');
INSERT INTO AttendanceRecords (record_id, session_id, student_id, status) VALUES (20, 5005, 40010, 'Absent');
INSERT INTO AttendanceRecords (record_id, session_id, student_id, status) VALUES (21, 5005, 40064, 'Present');
INSERT INTO AttendanceRecords (record_id, session_id, student_id, status) VALUES (22, 5006, 40003, 'Absent');
INSERT INTO AttendanceRecords (record_id, session_id, student_id, status) VALUES (23, 5006, 40010, 'Present');
INSERT INTO AttendanceRecords (record_id, session_id, student_id, status) VALUES (24, 5006, 40064, 'Present');
INSERT INTO AttendanceRecords (record_id, session_id, student_id, status) VALUES (25, 5007, 40013, 'Absent');
INSERT INTO AttendanceRecords (record_id, session_id, student_id, status) VALUES (26, 5007, 40032, 'Absent');
INSERT INTO AttendanceRecords (record_id, session_id, student_id, status) VALUES (27, 5007, 40035, 'Absent');
INSERT INTO AttendanceRecords (record_id, session_id, student_id, status) VALUES (28, 5007, 40039, 'Absent');
INSERT INTO AttendanceRecords (record_id, session_id, student_id, status) VALUES (29, 5007, 40041, 'Present');
INSERT INTO AttendanceRecords (record_id, session_id, student_id, status) VALUES (30, 5007, 40058, 'Present');
INSERT INTO AttendanceRecords (record_id, session_id, student_id, status) VALUES (31, 5007, 40060, 'Present');
INSERT INTO AttendanceRecords (record_id, session_id, student_id, status) VALUES (32, 5007, 40071, 'Present');
INSERT INTO AttendanceRecords (record_id, session_id, student_id, status) VALUES (33, 5008, 40013, 'Present');
INSERT INTO AttendanceRecords (record_id, session_id, student_id, status) VALUES (34, 5008, 40032, 'Absent');
INSERT INTO AttendanceRecords (record_id, session_id, student_id, status) VALUES (35, 5008, 40035, 'Present');
INSERT INTO AttendanceRecords (record_id, session_id, student_id, status) VALUES (36, 5008, 40039, 'Absent');
INSERT INTO AttendanceRecords (record_id, session_id, student_id, status) VALUES (37, 5008, 40041, 'Present');
INSERT INTO AttendanceRecords (record_id, session_id, student_id, status) VALUES (38, 5008, 40058, 'Present');
INSERT INTO AttendanceRecords (record_id, session_id, student_id, status) VALUES (39, 5008, 40060, 'Absent');
INSERT INTO AttendanceRecords (record_id, session_id, student_id, status) VALUES (40, 5008, 40071, 'Absent');
INSERT INTO AttendanceRecords (record_id, session_id, student_id, status) VALUES (41, 5009, 40026, 'Absent');
INSERT INTO AttendanceRecords (record_id, session_id, student_id, status) VALUES (42, 5009, 40031, 'Absent');
INSERT INTO AttendanceRecords (record_id, session_id, student_id, status) VALUES (43, 5009, 40072, 'Absent');
INSERT INTO AttendanceRecords (record_id, session_id, student_id, status) VALUES (44, 5009, 40083, 'Present');
INSERT INTO AttendanceRecords (record_id, session_id, student_id, status) VALUES (45, 5010, 40026, 'Present');
INSERT INTO AttendanceRecords (record_id, session_id, student_id, status) VALUES (46, 5010, 40031, 'Present');
INSERT INTO AttendanceRecords (record_id, session_id, student_id, status) VALUES (47, 5010, 40072, 'Present');
INSERT INTO AttendanceRecords (record_id, session_id, student_id, status) VALUES (48, 5010, 40083, 'Present');
INSERT INTO AttendanceRecords (record_id, session_id, student_id, status) VALUES (49, 5011, 40008, 'Present');
INSERT INTO AttendanceRecords (record_id, session_id, student_id, status) VALUES (50, 5011, 40022, 'Absent');
INSERT INTO AttendanceRecords (record_id, session_id, student_id, status) VALUES (51, 5011, 40029, 'Present');
INSERT INTO AttendanceRecords (record_id, session_id, student_id, status) VALUES (52, 5011, 40030, 'Present');
INSERT INTO AttendanceRecords (record_id, session_id, student_id, status) VALUES (53, 5011, 40033, 'Present');
INSERT INTO AttendanceRecords (record_id, session_id, student_id, status) VALUES (54, 5011, 40039, 'Present');
INSERT INTO AttendanceRecords (record_id, session_id, student_id, status) VALUES (55, 5011, 40042, 'Present');
INSERT INTO AttendanceRecords (record_id, session_id, student_id, status) VALUES (56, 5011, 40053, 'Present');
INSERT INTO AttendanceRecords (record_id, session_id, student_id, status) VALUES (57, 5011, 40055, 'Present');
INSERT INTO AttendanceRecords (record_id, session_id, student_id, status) VALUES (58, 5011, 40061, 'Present');
INSERT INTO AttendanceRecords (record_id, session_id, student_id, status) VALUES (59, 5011, 40084, 'Present');
INSERT INTO AttendanceRecords (record_id, session_id, student_id, status) VALUES (60, 5012, 40008, 'Present');
INSERT INTO AttendanceRecords (record_id, session_id, student_id, status) VALUES (61, 5012, 40022, 'Present');
INSERT INTO AttendanceRecords (record_id, session_id, student_id, status) VALUES (62, 5012, 40029, 'Present');
INSERT INTO AttendanceRecords (record_id, session_id, student_id, status) VALUES (63, 5012, 40030, 'Present');
INSERT INTO AttendanceRecords (record_id, session_id, student_id, status) VALUES (64, 5012, 40033, 'Present');
INSERT INTO AttendanceRecords (record_id, session_id, student_id, status) VALUES (65, 5012, 40039, 'Present');
INSERT INTO AttendanceRecords (record_id, session_id, student_id, status) VALUES (66, 5012, 40042, 'Present');
INSERT INTO AttendanceRecords (record_id, session_id, student_id, status) VALUES (67, 5012, 40053, 'Present');
INSERT INTO AttendanceRecords (record_id, session_id, student_id, status) VALUES (68, 5012, 40055, 'Present');
INSERT INTO AttendanceRecords (record_id, session_id, student_id, status) VALUES (69, 5012, 40061, 'Present');
INSERT INTO AttendanceRecords (record_id, session_id, student_id, status) VALUES (70, 5012, 40084, 'Present');
INSERT INTO AttendanceRecords (record_id, session_id, student_id, status) VALUES (71, 5013, 40042, 'Present');
INSERT INTO AttendanceRecords (record_id, session_id, student_id, status) VALUES (72, 5013, 40054, 'Present');
INSERT INTO AttendanceRecords (record_id, session_id, student_id, status) VALUES (73, 5013, 40086, 'Present');
INSERT INTO AttendanceRecords (record_id, session_id, student_id, status) VALUES (74, 5014, 40042, 'Present');
INSERT INTO AttendanceRecords (record_id, session_id, student_id, status) VALUES (75, 5014, 40054, 'Present');
INSERT INTO AttendanceRecords (record_id, session_id, student_id, status) VALUES (76, 5014, 40086, 'Present');
INSERT INTO AttendanceRecords (record_id, session_id, student_id, status) VALUES (77, 5015, 40005, 'Present');
INSERT INTO AttendanceRecords (record_id, session_id, student_id, status) VALUES (78, 5015, 40008, 'Present');
INSERT INTO AttendanceRecords (record_id, session_id, student_id, status) VALUES (79, 5015, 40018, 'Present');
INSERT INTO AttendanceRecords (record_id, session_id, student_id, status) VALUES (80, 5015, 40042, 'Present');
INSERT INTO AttendanceRecords (record_id, session_id, student_id, status) VALUES (81, 5016, 40005, 'Present');
INSERT INTO AttendanceRecords (record_id, session_id, student_id, status) VALUES (82, 5016, 40008, 'Present');
INSERT INTO AttendanceRecords (record_id, session_id, student_id, status) VALUES (83, 5016, 40018, 'Present');
INSERT INTO AttendanceRecords (record_id, session_id, student_id, status) VALUES (84, 5016, 40042, 'Absent');
INSERT INTO AttendanceRecords (record_id, session_id, student_id, status) VALUES (85, 5017, 40047, 'Present');
INSERT INTO AttendanceRecords (record_id, session_id, student_id, status) VALUES (86, 5017, 40056, 'Absent');
INSERT INTO AttendanceRecords (record_id, session_id, student_id, status) VALUES (87, 5018, 40047, 'Present');
INSERT INTO AttendanceRecords (record_id, session_id, student_id, status) VALUES (88, 5018, 40056, 'Present');
INSERT INTO AttendanceRecords (record_id, session_id, student_id, status) VALUES (89, 5019, 40012, 'Present');
INSERT INTO AttendanceRecords (record_id, session_id, student_id, status) VALUES (90, 5019, 40015, 'Present');
INSERT INTO AttendanceRecords (record_id, session_id, student_id, status) VALUES (91, 5019, 40065, 'Present');
INSERT INTO AttendanceRecords (record_id, session_id, student_id, status) VALUES (92, 5020, 40012, 'Absent');
INSERT INTO AttendanceRecords (record_id, session_id, student_id, status) VALUES (93, 5020, 40015, 'Absent');
INSERT INTO AttendanceRecords (record_id, session_id, student_id, status) VALUES (94, 5020, 40065, 'Present');
INSERT INTO AttendanceRecords (record_id, session_id, student_id, status) VALUES (95, 5021, 40023, 'Present');
INSERT INTO AttendanceRecords (record_id, session_id, student_id, status) VALUES (96, 5021, 40029, 'Absent');
INSERT INTO AttendanceRecords (record_id, session_id, student_id, status) VALUES (97, 5021, 40041, 'Absent');
INSERT INTO AttendanceRecords (record_id, session_id, student_id, status) VALUES (98, 5021, 40050, 'Present');
INSERT INTO AttendanceRecords (record_id, session_id, student_id, status) VALUES (99, 5021, 40070, 'Present');
INSERT INTO AttendanceRecords (record_id, session_id, student_id, status) VALUES (100, 5021, 40079, 'Present');
INSERT INTO AttendanceRecords (record_id, session_id, student_id, status) VALUES (101, 5021, 40087, 'Absent');
INSERT INTO AttendanceRecords (record_id, session_id, student_id, status) VALUES (102, 5022, 40023, 'Present');
INSERT INTO AttendanceRecords (record_id, session_id, student_id, status) VALUES (103, 5022, 40029, 'Present');
INSERT INTO AttendanceRecords (record_id, session_id, student_id, status) VALUES (104, 5022, 40041, 'Absent');
INSERT INTO AttendanceRecords (record_id, session_id, student_id, status) VALUES (105, 5022, 40050, 'Absent');
INSERT INTO AttendanceRecords (record_id, session_id, student_id, status) VALUES (106, 5022, 40070, 'Present');
INSERT INTO AttendanceRecords (record_id, session_id, student_id, status) VALUES (107, 5022, 40079, 'Present');
INSERT INTO AttendanceRecords (record_id, session_id, student_id, status) VALUES (108, 5022, 40087, 'Present');
INSERT INTO AttendanceRecords (record_id, session_id, student_id, status) VALUES (109, 5023, 40002, 'Present');
INSERT INTO AttendanceRecords (record_id, session_id, student_id, status) VALUES (110, 5023, 40006, 'Present');
INSERT INTO AttendanceRecords (record_id, session_id, student_id, status) VALUES (111, 5023, 40014, 'Absent');
INSERT INTO AttendanceRecords (record_id, session_id, student_id, status) VALUES (112, 5023, 40025, 'Present');
INSERT INTO AttendanceRecords (record_id, session_id, student_id, status) VALUES (113, 5023, 40036, 'Present');
INSERT INTO AttendanceRecords (record_id, session_id, student_id, status) VALUES (114, 5023, 40045, 'Present');
INSERT INTO AttendanceRecords (record_id, session_id, student_id, status) VALUES (115, 5023, 40080, 'Present');
INSERT INTO AttendanceRecords (record_id, session_id, student_id, status) VALUES (116, 5023, 40081, 'Present');
INSERT INTO AttendanceRecords (record_id, session_id, student_id, status) VALUES (117, 5024, 40002, 'Present');
INSERT INTO AttendanceRecords (record_id, session_id, student_id, status) VALUES (118, 5024, 40006, 'Present');
INSERT INTO AttendanceRecords (record_id, session_id, student_id, status) VALUES (119, 5024, 40014, 'Present');
INSERT INTO AttendanceRecords (record_id, session_id, student_id, status) VALUES (120, 5024, 40025, 'Present');
INSERT INTO AttendanceRecords (record_id, session_id, student_id, status) VALUES (121, 5024, 40036, 'Present');
INSERT INTO AttendanceRecords (record_id, session_id, student_id, status) VALUES (122, 5024, 40045, 'Present');
INSERT INTO AttendanceRecords (record_id, session_id, student_id, status) VALUES (123, 5024, 40080, 'Present');
INSERT INTO AttendanceRecords (record_id, session_id, student_id, status) VALUES (124, 5024, 40081, 'Present');
INSERT INTO AttendanceRecords (record_id, session_id, student_id, status) VALUES (125, 5025, 40027, 'Present');
INSERT INTO AttendanceRecords (record_id, session_id, student_id, status) VALUES (126, 5025, 40050, 'Present');
INSERT INTO AttendanceRecords (record_id, session_id, student_id, status) VALUES (127, 5025, 40067, 'Present');
INSERT INTO AttendanceRecords (record_id, session_id, student_id, status) VALUES (128, 5025, 40089, 'Present');
INSERT INTO AttendanceRecords (record_id, session_id, student_id, status) VALUES (129, 5026, 40027, 'Present');
INSERT INTO AttendanceRecords (record_id, session_id, student_id, status) VALUES (130, 5026, 40050, 'Present');
INSERT INTO AttendanceRecords (record_id, session_id, student_id, status) VALUES (131, 5026, 40067, 'Present');
INSERT INTO AttendanceRecords (record_id, session_id, student_id, status) VALUES (132, 5026, 40089, 'Present');
INSERT INTO AttendanceRecords (record_id, session_id, student_id, status) VALUES (133, 5027, 40048, 'Present');
INSERT INTO AttendanceRecords (record_id, session_id, student_id, status) VALUES (134, 5027, 40052, 'Present');
INSERT INTO AttendanceRecords (record_id, session_id, student_id, status) VALUES (135, 5027, 40073, 'Present');
INSERT INTO AttendanceRecords (record_id, session_id, student_id, status) VALUES (136, 5027, 40087, 'Present');
INSERT INTO AttendanceRecords (record_id, session_id, student_id, status) VALUES (137, 5028, 40048, 'Absent');
INSERT INTO AttendanceRecords (record_id, session_id, student_id, status) VALUES (138, 5028, 40052, 'Present');
INSERT INTO AttendanceRecords (record_id, session_id, student_id, status) VALUES (139, 5028, 40073, 'Present');
INSERT INTO AttendanceRecords (record_id, session_id, student_id, status) VALUES (140, 5028, 40087, 'Absent');
INSERT INTO AttendanceRecords (record_id, session_id, student_id, status) VALUES (141, 5029, 40017, 'Present');
INSERT INTO AttendanceRecords (record_id, session_id, student_id, status) VALUES (142, 5029, 40019, 'Absent');
INSERT INTO AttendanceRecords (record_id, session_id, student_id, status) VALUES (143, 5029, 40020, 'Absent');
INSERT INTO AttendanceRecords (record_id, session_id, student_id, status) VALUES (144, 5029, 40024, 'Present');
INSERT INTO AttendanceRecords (record_id, session_id, student_id, status) VALUES (145, 5029, 40035, 'Present');
INSERT INTO AttendanceRecords (record_id, session_id, student_id, status) VALUES (146, 5029, 40037, 'Present');
INSERT INTO AttendanceRecords (record_id, session_id, student_id, status) VALUES (147, 5029, 40039, 'Present');
INSERT INTO AttendanceRecords (record_id, session_id, student_id, status) VALUES (148, 5029, 40053, 'Absent');
INSERT INTO AttendanceRecords (record_id, session_id, student_id, status) VALUES (149, 5029, 40061, 'Absent');
INSERT INTO AttendanceRecords (record_id, session_id, student_id, status) VALUES (150, 5029, 40085, 'Present');
INSERT INTO AttendanceRecords (record_id, session_id, student_id, status) VALUES (151, 5029, 40090, 'Present');
INSERT INTO AttendanceRecords (record_id, session_id, student_id, status) VALUES (152, 5030, 40017, 'Absent');
INSERT INTO AttendanceRecords (record_id, session_id, student_id, status) VALUES (153, 5030, 40019, 'Present');
INSERT INTO AttendanceRecords (record_id, session_id, student_id, status) VALUES (154, 5030, 40020, 'Present');
INSERT INTO AttendanceRecords (record_id, session_id, student_id, status) VALUES (155, 5030, 40024, 'Present');
INSERT INTO AttendanceRecords (record_id, session_id, student_id, status) VALUES (156, 5030, 40035, 'Present');
INSERT INTO AttendanceRecords (record_id, session_id, student_id, status) VALUES (157, 5030, 40037, 'Present');
INSERT INTO AttendanceRecords (record_id, session_id, student_id, status) VALUES (158, 5030, 40039, 'Present');
INSERT INTO AttendanceRecords (record_id, session_id, student_id, status) VALUES (159, 5030, 40053, 'Present');
INSERT INTO AttendanceRecords (record_id, session_id, student_id, status) VALUES (160, 5030, 40061, 'Present');
INSERT INTO AttendanceRecords (record_id, session_id, student_id, status) VALUES (161, 5030, 40085, 'Present');
INSERT INTO AttendanceRecords (record_id, session_id, student_id, status) VALUES (162, 5030, 40090, 'Present');
INSERT INTO AttendanceRecords (record_id, session_id, student_id, status) VALUES (163, 5031, 40007, 'Present');
INSERT INTO AttendanceRecords (record_id, session_id, student_id, status) VALUES (164, 5031, 40016, 'Present');
INSERT INTO AttendanceRecords (record_id, session_id, student_id, status) VALUES (165, 5031, 40037, 'Present');
INSERT INTO AttendanceRecords (record_id, session_id, student_id, status) VALUES (166, 5031, 40047, 'Absent');
INSERT INTO AttendanceRecords (record_id, session_id, student_id, status) VALUES (167, 5031, 40052, 'Present');
INSERT INTO AttendanceRecords (record_id, session_id, student_id, status) VALUES (168, 5031, 40059, 'Absent');
INSERT INTO AttendanceRecords (record_id, session_id, student_id, status) VALUES (169, 5031, 40078, 'Present');
INSERT INTO AttendanceRecords (record_id, session_id, student_id, status) VALUES (170, 5031, 40083, 'Present');
INSERT INTO AttendanceRecords (record_id, session_id, student_id, status) VALUES (171, 5032, 40007, 'Present');
INSERT INTO AttendanceRecords (record_id, session_id, student_id, status) VALUES (172, 5032, 40016, 'Present');
INSERT INTO AttendanceRecords (record_id, session_id, student_id, status) VALUES (173, 5032, 40037, 'Present');
INSERT INTO AttendanceRecords (record_id, session_id, student_id, status) VALUES (174, 5032, 40047, 'Present');
INSERT INTO AttendanceRecords (record_id, session_id, student_id, status) VALUES (175, 5032, 40052, 'Present');
INSERT INTO AttendanceRecords (record_id, session_id, student_id, status) VALUES (176, 5032, 40059, 'Present');
INSERT INTO AttendanceRecords (record_id, session_id, student_id, status) VALUES (177, 5032, 40078, 'Present');
INSERT INTO AttendanceRecords (record_id, session_id, student_id, status) VALUES (178, 5032, 40083, 'Absent');
INSERT INTO AttendanceRecords (record_id, session_id, student_id, status) VALUES (179, 5033, 40023, 'Present');
INSERT INTO AttendanceRecords (record_id, session_id, student_id, status) VALUES (180, 5033, 40043, 'Present');
INSERT INTO AttendanceRecords (record_id, session_id, student_id, status) VALUES (181, 5033, 40071, 'Present');
INSERT INTO AttendanceRecords (record_id, session_id, student_id, status) VALUES (182, 5033, 40077, 'Present');
INSERT INTO AttendanceRecords (record_id, session_id, student_id, status) VALUES (183, 5034, 40023, 'Present');
INSERT INTO AttendanceRecords (record_id, session_id, student_id, status) VALUES (184, 5034, 40043, 'Present');
INSERT INTO AttendanceRecords (record_id, session_id, student_id, status) VALUES (185, 5034, 40071, 'Present');
INSERT INTO AttendanceRecords (record_id, session_id, student_id, status) VALUES (186, 5034, 40077, 'Present');
INSERT INTO AttendanceRecords (record_id, session_id, student_id, status) VALUES (187, 5035, 40009, 'Present');
INSERT INTO AttendanceRecords (record_id, session_id, student_id, status) VALUES (188, 5035, 40013, 'Absent');
INSERT INTO AttendanceRecords (record_id, session_id, student_id, status) VALUES (189, 5035, 40038, 'Present');
INSERT INTO AttendanceRecords (record_id, session_id, student_id, status) VALUES (190, 5035, 40067, 'Absent');
INSERT INTO AttendanceRecords (record_id, session_id, student_id, status) VALUES (191, 5035, 40088, 'Present');
INSERT INTO AttendanceRecords (record_id, session_id, student_id, status) VALUES (192, 5036, 40009, 'Present');
INSERT INTO AttendanceRecords (record_id, session_id, student_id, status) VALUES (193, 5036, 40013, 'Present');
INSERT INTO AttendanceRecords (record_id, session_id, student_id, status) VALUES (194, 5036, 40038, 'Present');
INSERT INTO AttendanceRecords (record_id, session_id, student_id, status) VALUES (195, 5036, 40067, 'Present');
INSERT INTO AttendanceRecords (record_id, session_id, student_id, status) VALUES (196, 5036, 40088, 'Present');
INSERT INTO AttendanceRecords (record_id, session_id, student_id, status) VALUES (197, 5037, 40014, 'Present');
INSERT INTO AttendanceRecords (record_id, session_id, student_id, status) VALUES (198, 5037, 40026, 'Absent');
INSERT INTO AttendanceRecords (record_id, session_id, student_id, status) VALUES (199, 5037, 40046, 'Present');
INSERT INTO AttendanceRecords (record_id, session_id, student_id, status) VALUES (200, 5037, 40052, 'Present');
INSERT INTO AttendanceRecords (record_id, session_id, student_id, status) VALUES (201, 5037, 40075, 'Absent');
INSERT INTO AttendanceRecords (record_id, session_id, student_id, status) VALUES (202, 5038, 40014, 'Present');
INSERT INTO AttendanceRecords (record_id, session_id, student_id, status) VALUES (203, 5038, 40026, 'Present');
INSERT INTO AttendanceRecords (record_id, session_id, student_id, status) VALUES (204, 5038, 40046, 'Absent');
INSERT INTO AttendanceRecords (record_id, session_id, student_id, status) VALUES (205, 5038, 40052, 'Present');
INSERT INTO AttendanceRecords (record_id, session_id, student_id, status) VALUES (206, 5038, 40075, 'Absent');
INSERT INTO AttendanceRecords (record_id, session_id, student_id, status) VALUES (207, 5039, 40017, 'Present');
INSERT INTO AttendanceRecords (record_id, session_id, student_id, status) VALUES (208, 5039, 40019, 'Present');
INSERT INTO AttendanceRecords (record_id, session_id, student_id, status) VALUES (209, 5039, 40021, 'Present');
INSERT INTO AttendanceRecords (record_id, session_id, student_id, status) VALUES (210, 5039, 40043, 'Present');
INSERT INTO AttendanceRecords (record_id, session_id, student_id, status) VALUES (211, 5039, 40049, 'Present');
INSERT INTO AttendanceRecords (record_id, session_id, student_id, status) VALUES (212, 5039, 40050, 'Present');
INSERT INTO AttendanceRecords (record_id, session_id, student_id, status) VALUES (213, 5039, 40060, 'Present');
INSERT INTO AttendanceRecords (record_id, session_id, student_id, status) VALUES (214, 5039, 40070, 'Present');
INSERT INTO AttendanceRecords (record_id, session_id, student_id, status) VALUES (215, 5039, 40084, 'Present');
INSERT INTO AttendanceRecords (record_id, session_id, student_id, status) VALUES (216, 5039, 40089, 'Present');
INSERT INTO AttendanceRecords (record_id, session_id, student_id, status) VALUES (217, 5040, 40017, 'Absent');
INSERT INTO AttendanceRecords (record_id, session_id, student_id, status) VALUES (218, 5040, 40019, 'Present');
INSERT INTO AttendanceRecords (record_id, session_id, student_id, status) VALUES (219, 5040, 40021, 'Present');
INSERT INTO AttendanceRecords (record_id, session_id, student_id, status) VALUES (220, 5040, 40043, 'Present');
INSERT INTO AttendanceRecords (record_id, session_id, student_id, status) VALUES (221, 5040, 40049, 'Present');
INSERT INTO AttendanceRecords (record_id, session_id, student_id, status) VALUES (222, 5040, 40050, 'Present');
INSERT INTO AttendanceRecords (record_id, session_id, student_id, status) VALUES (223, 5040, 40060, 'Present');
INSERT INTO AttendanceRecords (record_id, session_id, student_id, status) VALUES (224, 5040, 40070, 'Present');
INSERT INTO AttendanceRecords (record_id, session_id, student_id, status) VALUES (225, 5040, 40084, 'Present');
INSERT INTO AttendanceRecords (record_id, session_id, student_id, status) VALUES (226, 5040, 40089, 'Present');
INSERT INTO AttendanceRecords (record_id, session_id, student_id, status) VALUES (227, 5041, 40021, 'Present');
INSERT INTO AttendanceRecords (record_id, session_id, student_id, status) VALUES (228, 5041, 40054, 'Present');
INSERT INTO AttendanceRecords (record_id, session_id, student_id, status) VALUES (229, 5041, 40067, 'Present');
INSERT INTO AttendanceRecords (record_id, session_id, student_id, status) VALUES (230, 5041, 40072, 'Present');
INSERT INTO AttendanceRecords (record_id, session_id, student_id, status) VALUES (231, 5041, 40073, 'Present');
INSERT INTO AttendanceRecords (record_id, session_id, student_id, status) VALUES (232, 5041, 40079, 'Present');
INSERT INTO AttendanceRecords (record_id, session_id, student_id, status) VALUES (233, 5041, 40088, 'Present');
INSERT INTO AttendanceRecords (record_id, session_id, student_id, status) VALUES (234, 5042, 40021, 'Present');
INSERT INTO AttendanceRecords (record_id, session_id, student_id, status) VALUES (235, 5042, 40054, 'Absent');
INSERT INTO AttendanceRecords (record_id, session_id, student_id, status) VALUES (236, 5042, 40067, 'Present');
INSERT INTO AttendanceRecords (record_id, session_id, student_id, status) VALUES (237, 5042, 40072, 'Present');
INSERT INTO AttendanceRecords (record_id, session_id, student_id, status) VALUES (238, 5042, 40073, 'Present');
INSERT INTO AttendanceRecords (record_id, session_id, student_id, status) VALUES (239, 5042, 40079, 'Present');
INSERT INTO AttendanceRecords (record_id, session_id, student_id, status) VALUES (240, 5042, 40088, 'Absent');
INSERT INTO AttendanceRecords (record_id, session_id, student_id, status) VALUES (241, 5043, 40002, 'Present');
INSERT INTO AttendanceRecords (record_id, session_id, student_id, status) VALUES (242, 5043, 40003, 'Absent');
INSERT INTO AttendanceRecords (record_id, session_id, student_id, status) VALUES (243, 5043, 40028, 'Present');
INSERT INTO AttendanceRecords (record_id, session_id, student_id, status) VALUES (244, 5043, 40054, 'Present');
INSERT INTO AttendanceRecords (record_id, session_id, student_id, status) VALUES (245, 5043, 40062, 'Present');
INSERT INTO AttendanceRecords (record_id, session_id, student_id, status) VALUES (246, 5044, 40002, 'Present');
INSERT INTO AttendanceRecords (record_id, session_id, student_id, status) VALUES (247, 5044, 40003, 'Present');
INSERT INTO AttendanceRecords (record_id, session_id, student_id, status) VALUES (248, 5044, 40028, 'Present');
INSERT INTO AttendanceRecords (record_id, session_id, student_id, status) VALUES (249, 5044, 40054, 'Present');
INSERT INTO AttendanceRecords (record_id, session_id, student_id, status) VALUES (250, 5044, 40062, 'Present');
INSERT INTO AttendanceRecords (record_id, session_id, student_id, status) VALUES (251, 5045, 40005, 'Present');
INSERT INTO AttendanceRecords (record_id, session_id, student_id, status) VALUES (252, 5045, 40021, 'Present');
INSERT INTO AttendanceRecords (record_id, session_id, student_id, status) VALUES (253, 5045, 40030, 'Present');
INSERT INTO AttendanceRecords (record_id, session_id, student_id, status) VALUES (254, 5045, 40031, 'Present');
INSERT INTO AttendanceRecords (record_id, session_id, student_id, status) VALUES (255, 5045, 40044, 'Present');
INSERT INTO AttendanceRecords (record_id, session_id, student_id, status) VALUES (256, 5045, 40074, 'Present');
INSERT INTO AttendanceRecords (record_id, session_id, student_id, status) VALUES (257, 5046, 40005, 'Present');
INSERT INTO AttendanceRecords (record_id, session_id, student_id, status) VALUES (258, 5046, 40021, 'Present');
INSERT INTO AttendanceRecords (record_id, session_id, student_id, status) VALUES (259, 5046, 40030, 'Present');
INSERT INTO AttendanceRecords (record_id, session_id, student_id, status) VALUES (260, 5046, 40031, 'Present');
INSERT INTO AttendanceRecords (record_id, session_id, student_id, status) VALUES (261, 5046, 40044, 'Present');
INSERT INTO AttendanceRecords (record_id, session_id, student_id, status) VALUES (262, 5046, 40074, 'Present');
INSERT INTO AttendanceRecords (record_id, session_id, student_id, status) VALUES (263, 5047, 40007, 'Present');
INSERT INTO AttendanceRecords (record_id, session_id, student_id, status) VALUES (264, 5047, 40034, 'Present');
INSERT INTO AttendanceRecords (record_id, session_id, student_id, status) VALUES (265, 5047, 40074, 'Present');
INSERT INTO AttendanceRecords (record_id, session_id, student_id, status) VALUES (266, 5047, 40077, 'Absent');
INSERT INTO AttendanceRecords (record_id, session_id, student_id, status) VALUES (267, 5048, 40007, 'Absent');
INSERT INTO AttendanceRecords (record_id, session_id, student_id, status) VALUES (268, 5048, 40034, 'Present');
INSERT INTO AttendanceRecords (record_id, session_id, student_id, status) VALUES (269, 5048, 40074, 'Absent');
INSERT INTO AttendanceRecords (record_id, session_id, student_id, status) VALUES (270, 5048, 40077, 'Present');
INSERT INTO AttendanceRecords (record_id, session_id, student_id, status) VALUES (271, 5049, 40004, 'Absent');
INSERT INTO AttendanceRecords (record_id, session_id, student_id, status) VALUES (272, 5049, 40026, 'Present');
INSERT INTO AttendanceRecords (record_id, session_id, student_id, status) VALUES (273, 5049, 40035, 'Absent');
INSERT INTO AttendanceRecords (record_id, session_id, student_id, status) VALUES (274, 5049, 40063, 'Present');
INSERT INTO AttendanceRecords (record_id, session_id, student_id, status) VALUES (275, 5049, 40078, 'Present');
INSERT INTO AttendanceRecords (record_id, session_id, student_id, status) VALUES (276, 5049, 40082, 'Present');
INSERT INTO AttendanceRecords (record_id, session_id, student_id, status) VALUES (277, 5050, 40004, 'Absent');
INSERT INTO AttendanceRecords (record_id, session_id, student_id, status) VALUES (278, 5050, 40026, 'Present');
INSERT INTO AttendanceRecords (record_id, session_id, student_id, status) VALUES (279, 5050, 40035, 'Present');
INSERT INTO AttendanceRecords (record_id, session_id, student_id, status) VALUES (280, 5050, 40063, 'Present');
INSERT INTO AttendanceRecords (record_id, session_id, student_id, status) VALUES (281, 5050, 40078, 'Present');
INSERT INTO AttendanceRecords (record_id, session_id, student_id, status) VALUES (282, 5050, 40082, 'Present');
INSERT INTO AttendanceRecords (record_id, session_id, student_id, status) VALUES (283, 5051, 40001, 'Present');
INSERT INTO AttendanceRecords (record_id, session_id, student_id, status) VALUES (284, 5051, 40011, 'Present');
INSERT INTO AttendanceRecords (record_id, session_id, student_id, status) VALUES (285, 5051, 40041, 'Present');
INSERT INTO AttendanceRecords (record_id, session_id, student_id, status) VALUES (286, 5051, 40048, 'Present');
INSERT INTO AttendanceRecords (record_id, session_id, student_id, status) VALUES (287, 5051, 40051, 'Absent');
INSERT INTO AttendanceRecords (record_id, session_id, student_id, status) VALUES (288, 5051, 40055, 'Present');
INSERT INTO AttendanceRecords (record_id, session_id, student_id, status) VALUES (289, 5052, 40001, 'Present');
INSERT INTO AttendanceRecords (record_id, session_id, student_id, status) VALUES (290, 5052, 40011, 'Absent');
INSERT INTO AttendanceRecords (record_id, session_id, student_id, status) VALUES (291, 5052, 40041, 'Absent');
INSERT INTO AttendanceRecords (record_id, session_id, student_id, status) VALUES (292, 5052, 40048, 'Present');
INSERT INTO AttendanceRecords (record_id, session_id, student_id, status) VALUES (293, 5052, 40051, 'Present');
INSERT INTO AttendanceRecords (record_id, session_id, student_id, status) VALUES (294, 5052, 40055, 'Present');
INSERT INTO AttendanceRecords (record_id, session_id, student_id, status) VALUES (295, 5053, 40024, 'Present');
INSERT INTO AttendanceRecords (record_id, session_id, student_id, status) VALUES (296, 5053, 40028, 'Present');
INSERT INTO AttendanceRecords (record_id, session_id, student_id, status) VALUES (297, 5053, 40037, 'Present');
INSERT INTO AttendanceRecords (record_id, session_id, student_id, status) VALUES (298, 5053, 40075, 'Present');
INSERT INTO AttendanceRecords (record_id, session_id, student_id, status) VALUES (299, 5053, 40076, 'Absent');
INSERT INTO AttendanceRecords (record_id, session_id, student_id, status) VALUES (300, 5054, 40024, 'Absent');
INSERT INTO AttendanceRecords (record_id, session_id, student_id, status) VALUES (301, 5054, 40028, 'Present');
INSERT INTO AttendanceRecords (record_id, session_id, student_id, status) VALUES (302, 5054, 40037, 'Present');
INSERT INTO AttendanceRecords (record_id, session_id, student_id, status) VALUES (303, 5054, 40075, 'Present');
INSERT INTO AttendanceRecords (record_id, session_id, student_id, status) VALUES (304, 5054, 40076, 'Present');
INSERT INTO AttendanceRecords (record_id, session_id, student_id, status) VALUES (305, 5055, 40012, 'Present');
INSERT INTO AttendanceRecords (record_id, session_id, student_id, status) VALUES (306, 5056, 40012, 'Present');
INSERT INTO AttendanceRecords (record_id, session_id, student_id, status) VALUES (307, 5057, 40009, 'Absent');
INSERT INTO AttendanceRecords (record_id, session_id, student_id, status) VALUES (308, 5057, 40040, 'Present');
INSERT INTO AttendanceRecords (record_id, session_id, student_id, status) VALUES (309, 5057, 40044, 'Present');
INSERT INTO AttendanceRecords (record_id, session_id, student_id, status) VALUES (310, 5057, 40057, 'Present');
INSERT INTO AttendanceRecords (record_id, session_id, student_id, status) VALUES (311, 5057, 40062, 'Present');
INSERT INTO AttendanceRecords (record_id, session_id, student_id, status) VALUES (312, 5057, 40070, 'Present');
INSERT INTO AttendanceRecords (record_id, session_id, student_id, status) VALUES (313, 5057, 40072, 'Present');
INSERT INTO AttendanceRecords (record_id, session_id, student_id, status) VALUES (314, 5058, 40009, 'Present');
INSERT INTO AttendanceRecords (record_id, session_id, student_id, status) VALUES (315, 5058, 40040, 'Present');
INSERT INTO AttendanceRecords (record_id, session_id, student_id, status) VALUES (316, 5058, 40044, 'Present');
INSERT INTO AttendanceRecords (record_id, session_id, student_id, status) VALUES (317, 5058, 40057, 'Present');
INSERT INTO AttendanceRecords (record_id, session_id, student_id, status) VALUES (318, 5058, 40062, 'Present');
INSERT INTO AttendanceRecords (record_id, session_id, student_id, status) VALUES (319, 5058, 40070, 'Present');
INSERT INTO AttendanceRecords (record_id, session_id, student_id, status) VALUES (320, 5058, 40072, 'Present');
INSERT INTO AttendanceRecords (record_id, session_id, student_id, status) VALUES (321, 5059, 40004, 'Present');
INSERT INTO AttendanceRecords (record_id, session_id, student_id, status) VALUES (322, 5059, 40034, 'Present');
INSERT INTO AttendanceRecords (record_id, session_id, student_id, status) VALUES (323, 5059, 40044, 'Present');
INSERT INTO AttendanceRecords (record_id, session_id, student_id, status) VALUES (324, 5059, 40081, 'Present');
INSERT INTO AttendanceRecords (record_id, session_id, student_id, status) VALUES (325, 5060, 40004, 'Present');
INSERT INTO AttendanceRecords (record_id, session_id, student_id, status) VALUES (326, 5060, 40034, 'Absent');
INSERT INTO AttendanceRecords (record_id, session_id, student_id, status) VALUES (327, 5060, 40044, 'Present');
INSERT INTO AttendanceRecords (record_id, session_id, student_id, status) VALUES (328, 5060, 40081, 'Present');
INSERT INTO AttendanceRecords (record_id, session_id, student_id, status) VALUES (329, 5061, 40016, 'Present');
INSERT INTO AttendanceRecords (record_id, session_id, student_id, status) VALUES (330, 5061, 40018, 'Present');
INSERT INTO AttendanceRecords (record_id, session_id, student_id, status) VALUES (331, 5061, 40027, 'Present');
INSERT INTO AttendanceRecords (record_id, session_id, student_id, status) VALUES (332, 5061, 40031, 'Absent');
INSERT INTO AttendanceRecords (record_id, session_id, student_id, status) VALUES (333, 5061, 40057, 'Absent');
INSERT INTO AttendanceRecords (record_id, session_id, student_id, status) VALUES (334, 5061, 40081, 'Present');
INSERT INTO AttendanceRecords (record_id, session_id, student_id, status) VALUES (335, 5061, 40083, 'Present');
INSERT INTO AttendanceRecords (record_id, session_id, student_id, status) VALUES (336, 5062, 40016, 'Present');
INSERT INTO AttendanceRecords (record_id, session_id, student_id, status) VALUES (337, 5062, 40018, 'Present');
INSERT INTO AttendanceRecords (record_id, session_id, student_id, status) VALUES (338, 5062, 40027, 'Present');
INSERT INTO AttendanceRecords (record_id, session_id, student_id, status) VALUES (339, 5062, 40031, 'Present');
INSERT INTO AttendanceRecords (record_id, session_id, student_id, status) VALUES (340, 5062, 40057, 'Present');
INSERT INTO AttendanceRecords (record_id, session_id, student_id, status) VALUES (341, 5062, 40081, 'Present');
INSERT INTO AttendanceRecords (record_id, session_id, student_id, status) VALUES (342, 5062, 40083, 'Present');
INSERT INTO AttendanceRecords (record_id, session_id, student_id, status) VALUES (343, 5063, 40003, 'Present');
INSERT INTO AttendanceRecords (record_id, session_id, student_id, status) VALUES (344, 5063, 40046, 'Present');
INSERT INTO AttendanceRecords (record_id, session_id, student_id, status) VALUES (345, 5063, 40049, 'Present');
INSERT INTO AttendanceRecords (record_id, session_id, student_id, status) VALUES (346, 5063, 40059, 'Present');
INSERT INTO AttendanceRecords (record_id, session_id, student_id, status) VALUES (347, 5063, 40068, 'Absent');
INSERT INTO AttendanceRecords (record_id, session_id, student_id, status) VALUES (348, 5063, 40090, 'Present');
INSERT INTO AttendanceRecords (record_id, session_id, student_id, status) VALUES (349, 5064, 40003, 'Present');
INSERT INTO AttendanceRecords (record_id, session_id, student_id, status) VALUES (350, 5064, 40046, 'Present');
INSERT INTO AttendanceRecords (record_id, session_id, student_id, status) VALUES (351, 5064, 40049, 'Present');
INSERT INTO AttendanceRecords (record_id, session_id, student_id, status) VALUES (352, 5064, 40059, 'Present');
INSERT INTO AttendanceRecords (record_id, session_id, student_id, status) VALUES (353, 5064, 40068, 'Absent');
INSERT INTO AttendanceRecords (record_id, session_id, student_id, status) VALUES (354, 5064, 40090, 'Present');
INSERT INTO AttendanceRecords (record_id, session_id, student_id, status) VALUES (355, 5065, 40011, 'Present');
INSERT INTO AttendanceRecords (record_id, session_id, student_id, status) VALUES (356, 5065, 40055, 'Present');
INSERT INTO AttendanceRecords (record_id, session_id, student_id, status) VALUES (357, 5065, 40066, 'Present');
INSERT INTO AttendanceRecords (record_id, session_id, student_id, status) VALUES (358, 5065, 40077, 'Present');
INSERT INTO AttendanceRecords (record_id, session_id, student_id, status) VALUES (359, 5066, 40011, 'Present');
INSERT INTO AttendanceRecords (record_id, session_id, student_id, status) VALUES (360, 5066, 40055, 'Present');
INSERT INTO AttendanceRecords (record_id, session_id, student_id, status) VALUES (361, 5066, 40066, 'Present');
INSERT INTO AttendanceRecords (record_id, session_id, student_id, status) VALUES (362, 5066, 40077, 'Present');
INSERT INTO AttendanceRecords (record_id, session_id, student_id, status) VALUES (363, 5067, 40008, 'Absent');
INSERT INTO AttendanceRecords (record_id, session_id, student_id, status) VALUES (364, 5067, 40019, 'Absent');
INSERT INTO AttendanceRecords (record_id, session_id, student_id, status) VALUES (365, 5067, 40024, 'Present');
INSERT INTO AttendanceRecords (record_id, session_id, student_id, status) VALUES (366, 5067, 40032, 'Present');
INSERT INTO AttendanceRecords (record_id, session_id, student_id, status) VALUES (367, 5067, 40033, 'Present');
INSERT INTO AttendanceRecords (record_id, session_id, student_id, status) VALUES (368, 5067, 40058, 'Present');
INSERT INTO AttendanceRecords (record_id, session_id, student_id, status) VALUES (369, 5067, 40076, 'Present');
INSERT INTO AttendanceRecords (record_id, session_id, student_id, status) VALUES (370, 5068, 40008, 'Present');
INSERT INTO AttendanceRecords (record_id, session_id, student_id, status) VALUES (371, 5068, 40019, 'Present');
INSERT INTO AttendanceRecords (record_id, session_id, student_id, status) VALUES (372, 5068, 40024, 'Present');
INSERT INTO AttendanceRecords (record_id, session_id, student_id, status) VALUES (373, 5068, 40032, 'Present');
INSERT INTO AttendanceRecords (record_id, session_id, student_id, status) VALUES (374, 5068, 40033, 'Absent');
INSERT INTO AttendanceRecords (record_id, session_id, student_id, status) VALUES (375, 5068, 40058, 'Present');
INSERT INTO AttendanceRecords (record_id, session_id, student_id, status) VALUES (376, 5068, 40076, 'Present');
INSERT INTO AttendanceRecords (record_id, session_id, student_id, status) VALUES (377, 5069, 40020, 'Present');
INSERT INTO AttendanceRecords (record_id, session_id, student_id, status) VALUES (378, 5069, 40022, 'Present');
INSERT INTO AttendanceRecords (record_id, session_id, student_id, status) VALUES (379, 5069, 40038, 'Present');
INSERT INTO AttendanceRecords (record_id, session_id, student_id, status) VALUES (380, 5069, 40040, 'Present');
INSERT INTO AttendanceRecords (record_id, session_id, student_id, status) VALUES (381, 5069, 40048, 'Present');
INSERT INTO AttendanceRecords (record_id, session_id, student_id, status) VALUES (382, 5069, 40059, 'Present');
INSERT INTO AttendanceRecords (record_id, session_id, student_id, status) VALUES (383, 5070, 40020, 'Present');
INSERT INTO AttendanceRecords (record_id, session_id, student_id, status) VALUES (384, 5070, 40022, 'Present');
INSERT INTO AttendanceRecords (record_id, session_id, student_id, status) VALUES (385, 5070, 40038, 'Present');
INSERT INTO AttendanceRecords (record_id, session_id, student_id, status) VALUES (386, 5070, 40040, 'Present');
INSERT INTO AttendanceRecords (record_id, session_id, student_id, status) VALUES (387, 5070, 40048, 'Present');
INSERT INTO AttendanceRecords (record_id, session_id, student_id, status) VALUES (388, 5070, 40059, 'Absent');
INSERT INTO AttendanceRecords (record_id, session_id, student_id, status) VALUES (389, 5071, 40006, 'Present');
INSERT INTO AttendanceRecords (record_id, session_id, student_id, status) VALUES (390, 5072, 40006, 'Present');
INSERT INTO AttendanceRecords (record_id, session_id, student_id, status) VALUES (391, 5073, 40015, 'Present');
INSERT INTO AttendanceRecords (record_id, session_id, student_id, status) VALUES (392, 5073, 40036, 'Present');
INSERT INTO AttendanceRecords (record_id, session_id, student_id, status) VALUES (393, 5073, 40056, 'Present');
INSERT INTO AttendanceRecords (record_id, session_id, student_id, status) VALUES (394, 5073, 40065, 'Present');
INSERT INTO AttendanceRecords (record_id, session_id, student_id, status) VALUES (395, 5074, 40015, 'Present');
INSERT INTO AttendanceRecords (record_id, session_id, student_id, status) VALUES (396, 5074, 40036, 'Present');
INSERT INTO AttendanceRecords (record_id, session_id, student_id, status) VALUES (397, 5074, 40056, 'Present');
INSERT INTO AttendanceRecords (record_id, session_id, student_id, status) VALUES (398, 5074, 40065, 'Present');
INSERT INTO AttendanceRecords (record_id, session_id, student_id, status) VALUES (399, 5075, 40006, 'Present');
INSERT INTO AttendanceRecords (record_id, session_id, student_id, status) VALUES (400, 5075, 40010, 'Absent');
INSERT INTO AttendanceRecords (record_id, session_id, student_id, status) VALUES (401, 5075, 40012, 'Present');
INSERT INTO AttendanceRecords (record_id, session_id, student_id, status) VALUES (402, 5075, 40014, 'Present');
INSERT INTO AttendanceRecords (record_id, session_id, student_id, status) VALUES (403, 5075, 40029, 'Present');
INSERT INTO AttendanceRecords (record_id, session_id, student_id, status) VALUES (404, 5075, 40045, 'Present');
INSERT INTO AttendanceRecords (record_id, session_id, student_id, status) VALUES (405, 5075, 40060, 'Present');
INSERT INTO AttendanceRecords (record_id, session_id, student_id, status) VALUES (406, 5075, 40061, 'Present');
INSERT INTO AttendanceRecords (record_id, session_id, student_id, status) VALUES (407, 5075, 40080, 'Present');
INSERT INTO AttendanceRecords (record_id, session_id, student_id, status) VALUES (408, 5076, 40006, 'Absent');
INSERT INTO AttendanceRecords (record_id, session_id, student_id, status) VALUES (409, 5076, 40010, 'Present');
INSERT INTO AttendanceRecords (record_id, session_id, student_id, status) VALUES (410, 5076, 40012, 'Present');
INSERT INTO AttendanceRecords (record_id, session_id, student_id, status) VALUES (411, 5076, 40014, 'Absent');
INSERT INTO AttendanceRecords (record_id, session_id, student_id, status) VALUES (412, 5076, 40029, 'Present');
INSERT INTO AttendanceRecords (record_id, session_id, student_id, status) VALUES (413, 5076, 40045, 'Present');
INSERT INTO AttendanceRecords (record_id, session_id, student_id, status) VALUES (414, 5076, 40060, 'Present');
INSERT INTO AttendanceRecords (record_id, session_id, student_id, status) VALUES (415, 5076, 40061, 'Present');
INSERT INTO AttendanceRecords (record_id, session_id, student_id, status) VALUES (416, 5076, 40080, 'Present');
INSERT INTO AttendanceRecords (record_id, session_id, student_id, status) VALUES (417, 5077, 40017, 'Present');
INSERT INTO AttendanceRecords (record_id, session_id, student_id, status) VALUES (418, 5077, 40023, 'Present');
INSERT INTO AttendanceRecords (record_id, session_id, student_id, status) VALUES (419, 5077, 40033, 'Present');
INSERT INTO AttendanceRecords (record_id, session_id, student_id, status) VALUES (420, 5077, 40074, 'Absent');
INSERT INTO AttendanceRecords (record_id, session_id, student_id, status) VALUES (421, 5077, 40082, 'Present');
INSERT INTO AttendanceRecords (record_id, session_id, student_id, status) VALUES (422, 5077, 40086, 'Present');
INSERT INTO AttendanceRecords (record_id, session_id, student_id, status) VALUES (423, 5078, 40017, 'Present');
INSERT INTO AttendanceRecords (record_id, session_id, student_id, status) VALUES (424, 5078, 40023, 'Absent');
INSERT INTO AttendanceRecords (record_id, session_id, student_id, status) VALUES (425, 5078, 40033, 'Present');
INSERT INTO AttendanceRecords (record_id, session_id, student_id, status) VALUES (426, 5078, 40074, 'Absent');
INSERT INTO AttendanceRecords (record_id, session_id, student_id, status) VALUES (427, 5078, 40082, 'Absent');
INSERT INTO AttendanceRecords (record_id, session_id, student_id, status) VALUES (428, 5078, 40086, 'Present');
INSERT INTO AttendanceRecords (record_id, session_id, student_id, status) VALUES (429, 5079, 40053, 'Present');
INSERT INTO AttendanceRecords (record_id, session_id, student_id, status) VALUES (430, 5079, 40063, 'Absent');
INSERT INTO AttendanceRecords (record_id, session_id, student_id, status) VALUES (431, 5079, 40079, 'Present');
INSERT INTO AttendanceRecords (record_id, session_id, student_id, status) VALUES (432, 5080, 40053, 'Present');
INSERT INTO AttendanceRecords (record_id, session_id, student_id, status) VALUES (433, 5080, 40063, 'Present');
INSERT INTO AttendanceRecords (record_id, session_id, student_id, status) VALUES (434, 5080, 40079, 'Present');
INSERT INTO AttendanceRecords (record_id, session_id, student_id, status) VALUES (435, 5081, 40010, 'Present');
INSERT INTO AttendanceRecords (record_id, session_id, student_id, status) VALUES (436, 5081, 40016, 'Present');
INSERT INTO AttendanceRecords (record_id, session_id, student_id, status) VALUES (437, 5081, 40057, 'Present');
INSERT INTO AttendanceRecords (record_id, session_id, student_id, status) VALUES (438, 5081, 40058, 'Present');
INSERT INTO AttendanceRecords (record_id, session_id, student_id, status) VALUES (439, 5081, 40082, 'Present');
INSERT INTO AttendanceRecords (record_id, session_id, student_id, status) VALUES (440, 5082, 40010, 'Present');
INSERT INTO AttendanceRecords (record_id, session_id, student_id, status) VALUES (441, 5082, 40016, 'Absent');
INSERT INTO AttendanceRecords (record_id, session_id, student_id, status) VALUES (442, 5082, 40057, 'Present');
INSERT INTO AttendanceRecords (record_id, session_id, student_id, status) VALUES (443, 5082, 40058, 'Present');
INSERT INTO AttendanceRecords (record_id, session_id, student_id, status) VALUES (444, 5082, 40082, 'Present');
INSERT INTO AttendanceRecords (record_id, session_id, student_id, status) VALUES (445, 5083, 40028, 'Present');
INSERT INTO AttendanceRecords (record_id, session_id, student_id, status) VALUES (446, 5083, 40032, 'Present');
INSERT INTO AttendanceRecords (record_id, session_id, student_id, status) VALUES (447, 5083, 40034, 'Present');
INSERT INTO AttendanceRecords (record_id, session_id, student_id, status) VALUES (448, 5083, 40040, 'Present');
INSERT INTO AttendanceRecords (record_id, session_id, student_id, status) VALUES (449, 5083, 40051, 'Present');
INSERT INTO AttendanceRecords (record_id, session_id, student_id, status) VALUES (450, 5084, 40028, 'Present');
INSERT INTO AttendanceRecords (record_id, session_id, student_id, status) VALUES (451, 5084, 40032, 'Present');
INSERT INTO AttendanceRecords (record_id, session_id, student_id, status) VALUES (452, 5084, 40034, 'Present');
INSERT INTO AttendanceRecords (record_id, session_id, student_id, status) VALUES (453, 5084, 40040, 'Present');
INSERT INTO AttendanceRecords (record_id, session_id, student_id, status) VALUES (454, 5084, 40051, 'Present');
INSERT INTO AttendanceRecords (record_id, session_id, student_id, status) VALUES (455, 5085, 40001, 'Present');
INSERT INTO AttendanceRecords (record_id, session_id, student_id, status) VALUES (456, 5085, 40030, 'Present');
INSERT INTO AttendanceRecords (record_id, session_id, student_id, status) VALUES (457, 5085, 40065, 'Present');
INSERT INTO AttendanceRecords (record_id, session_id, student_id, status) VALUES (458, 5085, 40087, 'Present');
INSERT INTO AttendanceRecords (record_id, session_id, student_id, status) VALUES (459, 5086, 40001, 'Present');
INSERT INTO AttendanceRecords (record_id, session_id, student_id, status) VALUES (460, 5086, 40030, 'Present');
INSERT INTO AttendanceRecords (record_id, session_id, student_id, status) VALUES (461, 5086, 40065, 'Present');
INSERT INTO AttendanceRecords (record_id, session_id, student_id, status) VALUES (462, 5086, 40087, 'Present');
INSERT INTO AttendanceRecords (record_id, session_id, student_id, status) VALUES (463, 5087, 40076, 'Absent');
INSERT INTO AttendanceRecords (record_id, session_id, student_id, status) VALUES (464, 5087, 40084, 'Present');
INSERT INTO AttendanceRecords (record_id, session_id, student_id, status) VALUES (465, 5088, 40076, 'Absent');
INSERT INTO AttendanceRecords (record_id, session_id, student_id, status) VALUES (466, 5088, 40084, 'Present');
INSERT INTO AttendanceRecords (record_id, session_id, student_id, status) VALUES (467, 5089, 40004, 'Absent');
INSERT INTO AttendanceRecords (record_id, session_id, student_id, status) VALUES (468, 5089, 40015, 'Present');
INSERT INTO AttendanceRecords (record_id, session_id, student_id, status) VALUES (469, 5089, 40018, 'Present');
INSERT INTO AttendanceRecords (record_id, session_id, student_id, status) VALUES (470, 5089, 40056, 'Present');
INSERT INTO AttendanceRecords (record_id, session_id, student_id, status) VALUES (471, 5089, 40062, 'Present');
INSERT INTO AttendanceRecords (record_id, session_id, student_id, status) VALUES (472, 5089, 40066, 'Present');
INSERT INTO AttendanceRecords (record_id, session_id, student_id, status) VALUES (473, 5089, 40068, 'Present');
INSERT INTO AttendanceRecords (record_id, session_id, student_id, status) VALUES (474, 5089, 40069, 'Present');
INSERT INTO AttendanceRecords (record_id, session_id, student_id, status) VALUES (475, 5089, 40085, 'Present');
INSERT INTO AttendanceRecords (record_id, session_id, student_id, status) VALUES (476, 5089, 40086, 'Absent');
INSERT INTO AttendanceRecords (record_id, session_id, student_id, status) VALUES (477, 5090, 40004, 'Present');
INSERT INTO AttendanceRecords (record_id, session_id, student_id, status) VALUES (478, 5090, 40015, 'Absent');
INSERT INTO AttendanceRecords (record_id, session_id, student_id, status) VALUES (479, 5090, 40018, 'Present');
INSERT INTO AttendanceRecords (record_id, session_id, student_id, status) VALUES (480, 5090, 40056, 'Present');
INSERT INTO AttendanceRecords (record_id, session_id, student_id, status) VALUES (481, 5090, 40062, 'Present');
INSERT INTO AttendanceRecords (record_id, session_id, student_id, status) VALUES (482, 5090, 40066, 'Present');
INSERT INTO AttendanceRecords (record_id, session_id, student_id, status) VALUES (483, 5090, 40068, 'Present');
INSERT INTO AttendanceRecords (record_id, session_id, student_id, status) VALUES (484, 5090, 40069, 'Present');
INSERT INTO AttendanceRecords (record_id, session_id, student_id, status) VALUES (485, 5090, 40085, 'Present');
INSERT INTO AttendanceRecords (record_id, session_id, student_id, status) VALUES (486, 5090, 40086, 'Present');
INSERT INTO AttendanceRecords (record_id, session_id, student_id, status) VALUES (487, 5091, 40046, 'Present');
INSERT INTO AttendanceRecords (record_id, session_id, student_id, status) VALUES (488, 5091, 40051, 'Present');
INSERT INTO AttendanceRecords (record_id, session_id, student_id, status) VALUES (489, 5091, 40068, 'Present');
INSERT INTO AttendanceRecords (record_id, session_id, student_id, status) VALUES (490, 5091, 40073, 'Present');
INSERT INTO AttendanceRecords (record_id, session_id, student_id, status) VALUES (491, 5091, 40075, 'Present');
INSERT INTO AttendanceRecords (record_id, session_id, student_id, status) VALUES (492, 5091, 40080, 'Present');
INSERT INTO AttendanceRecords (record_id, session_id, student_id, status) VALUES (493, 5091, 40090, 'Present');
INSERT INTO AttendanceRecords (record_id, session_id, student_id, status) VALUES (494, 5092, 40046, 'Present');
INSERT INTO AttendanceRecords (record_id, session_id, student_id, status) VALUES (495, 5092, 40051, 'Present');
INSERT INTO AttendanceRecords (record_id, session_id, student_id, status) VALUES (496, 5092, 40068, 'Absent');
INSERT INTO AttendanceRecords (record_id, session_id, student_id, status) VALUES (497, 5092, 40073, 'Present');
INSERT INTO AttendanceRecords (record_id, session_id, student_id, status) VALUES (498, 5092, 40075, 'Absent');
INSERT INTO AttendanceRecords (record_id, session_id, student_id, status) VALUES (499, 5092, 40080, 'Present');
INSERT INTO AttendanceRecords (record_id, session_id, student_id, status) VALUES (500, 5092, 40090, 'Present');
INSERT INTO AttendanceRecords (record_id, session_id, student_id, status) VALUES (501, 5093, 40011, 'Present');
INSERT INTO AttendanceRecords (record_id, session_id, student_id, status) VALUES (502, 5093, 40013, 'Present');
INSERT INTO AttendanceRecords (record_id, session_id, student_id, status) VALUES (503, 5093, 40064, 'Absent');
INSERT INTO AttendanceRecords (record_id, session_id, student_id, status) VALUES (504, 5093, 40088, 'Present');
INSERT INTO AttendanceRecords (record_id, session_id, student_id, status) VALUES (505, 5093, 40089, 'Present');
INSERT INTO AttendanceRecords (record_id, session_id, student_id, status) VALUES (506, 5094, 40011, 'Present');
INSERT INTO AttendanceRecords (record_id, session_id, student_id, status) VALUES (507, 5094, 40013, 'Present');
INSERT INTO AttendanceRecords (record_id, session_id, student_id, status) VALUES (508, 5094, 40064, 'Absent');
INSERT INTO AttendanceRecords (record_id, session_id, student_id, status) VALUES (509, 5094, 40088, 'Absent');
INSERT INTO AttendanceRecords (record_id, session_id, student_id, status) VALUES (510, 5094, 40089, 'Present');
INSERT INTO AttendanceRecords (record_id, session_id, student_id, status) VALUES (511, 5095, 40025, 'Present');
INSERT INTO AttendanceRecords (record_id, session_id, student_id, status) VALUES (512, 5095, 40069, 'Present');
INSERT INTO AttendanceRecords (record_id, session_id, student_id, status) VALUES (513, 5096, 40025, 'Present');
INSERT INTO AttendanceRecords (record_id, session_id, student_id, status) VALUES (514, 5096, 40069, 'Present');
INSERT INTO AttendanceRecords (record_id, session_id, student_id, status) VALUES (515, 5097, 40001, 'Present');
INSERT INTO AttendanceRecords (record_id, session_id, student_id, status) VALUES (516, 5097, 40025, 'Present');
INSERT INTO AttendanceRecords (record_id, session_id, student_id, status) VALUES (517, 5097, 40036, 'Present');
INSERT INTO AttendanceRecords (record_id, session_id, student_id, status) VALUES (518, 5097, 40038, 'Present');
INSERT INTO AttendanceRecords (record_id, session_id, student_id, status) VALUES (519, 5097, 40045, 'Present');
INSERT INTO AttendanceRecords (record_id, session_id, student_id, status) VALUES (520, 5097, 40047, 'Present');
INSERT INTO AttendanceRecords (record_id, session_id, student_id, status) VALUES (521, 5097, 40063, 'Absent');
INSERT INTO AttendanceRecords (record_id, session_id, student_id, status) VALUES (522, 5098, 40001, 'Present');
INSERT INTO AttendanceRecords (record_id, session_id, student_id, status) VALUES (523, 5098, 40025, 'Present');
INSERT INTO AttendanceRecords (record_id, session_id, student_id, status) VALUES (524, 5098, 40036, 'Present');
INSERT INTO AttendanceRecords (record_id, session_id, student_id, status) VALUES (525, 5098, 40038, 'Present');
INSERT INTO AttendanceRecords (record_id, session_id, student_id, status) VALUES (526, 5098, 40045, 'Present');
INSERT INTO AttendanceRecords (record_id, session_id, student_id, status) VALUES (527, 5098, 40047, 'Present');
INSERT INTO AttendanceRecords (record_id, session_id, student_id, status) VALUES (528, 5098, 40063, 'Absent');
INSERT INTO AttendanceRecords (record_id, session_id, student_id, status) VALUES (529, 5099, 40007, 'Present');
INSERT INTO AttendanceRecords (record_id, session_id, student_id, status) VALUES (530, 5099, 40022, 'Present');
INSERT INTO AttendanceRecords (record_id, session_id, student_id, status) VALUES (531, 5099, 40043, 'Absent');
INSERT INTO AttendanceRecords (record_id, session_id, student_id, status) VALUES (532, 5099, 40066, 'Present');
INSERT INTO AttendanceRecords (record_id, session_id, student_id, status) VALUES (533, 5099, 40069, 'Present');
INSERT INTO AttendanceRecords (record_id, session_id, student_id, status) VALUES (534, 5099, 40078, 'Absent');
INSERT INTO AttendanceRecords (record_id, session_id, student_id, status) VALUES (535, 5100, 40007, 'Present');
INSERT INTO AttendanceRecords (record_id, session_id, student_id, status) VALUES (536, 5100, 40022, 'Present');
INSERT INTO AttendanceRecords (record_id, session_id, student_id, status) VALUES (537, 5100, 40043, 'Present');
INSERT INTO AttendanceRecords (record_id, session_id, student_id, status) VALUES (538, 5100, 40066, 'Absent');
INSERT INTO AttendanceRecords (record_id, session_id, student_id, status) VALUES (539, 5100, 40069, 'Present');
INSERT INTO AttendanceRecords (record_id, session_id, student_id, status) VALUES (540, 5100, 40078, 'Present');
